"Identificador URL";Nome;Categorias;"Nome da variação 1";"Valor da variação 1";"Nome da variação 2";"Valor da variação 2";"Nome da variação 3";"Valor da variação 3";Preço;"Preço promocional";"Peso (kg)";"Altura (cm)";"Largura (cm)";"Comprimento (cm)";Estoque;SKU;"Código de barras";"Exibir na loja";"Frete gratis";Descrição;Tags;"Título para SEO";"Descrição para SEO";Marca;"Produto Físico";"MPN (Cód. Exclusivo, Modelo Fabricante)";Sexo;"Faixa etária"
kit-churrasco-18-pecas;"Kit Churrasco 18 peças";"KIT CHURRASCO";;;;;;;270.00;121.50;2.00;8.00;22.00;50.00;350;;;SIM;NÃO;"<p><span class=""desc-sub my-desc-sub"">Kit churrasco 18 pe&ccedil;as em maleta de alum&iacute;nio com relevo e placa central para personaliza&ccedil;&atilde;o. Possui: garfo, esp&aacute;tula, pegador, faca, escova, pincel, 4 espetos e pegadores de petisco. Detalhes em metal nas bordas da maleta, duas dobradi&ccedil;as na parte inferior, uma al&ccedil;a e duas presilhas para travar/abrir maleta. Parte interna revestida de tecido tnt e velcro para guardar as pe&ccedil;as.</span></p>
";"kit churrasco, kitchurrascotop, churrasco";"Kit churrasco com 18 peças melhor preço.";"kit churrasco melhor preço ribeirão preto, kit churrasco Brasil, kit churrasco presente, kit churrasco 18 peças, kit churrasco completo";Importado;SIM;;Unissex;Adulto
mochila-anti-furto-impermeavel-usb;"Mochila Anti Furto Impermeável USB";MOCHILAS;;;;;;;184.00;92.00;1.00;20.00;40.00;50.00;200;;;SIM;NÃO;"<p><span class=""desc-sub my-desc-sub"">Mochila anti-furto de poli&eacute;ster com detalhes em nylon. Com formato anat&ocirc;mico e design moderno, tem a parte frontal &agrave; prova d&rsquo;&aacute;gua e tecido imperme&aacute;vel. Pensando na seguran&ccedil;a do usu&aacute;rio foi confeccionado o compartimento principal na &aacute;rea traseira, impossibilitando a abertura do produto mesmo com a mochila na costa do usu&aacute;rio. Possui suporte com entrada USB na parte externa e cabo USB acoplado internamente; permitindo a conex&atilde;o de um carregador port&aacute;til na &aacute;rea interna e a conex&atilde;o de um eletr&ocirc;nico na &aacute;rea externa, viabilizando a carga e utiliza&ccedil;&atilde;o do eletr&ocirc;nico enquanto caminha. &Aacute;rea interna do compartimento principal: bolso para notebook 14 polegadas, quatro bolsos para acess&oacute;rios, bolso com z&iacute;per; possui nas laterais internas sistema de velcro, maximizando a seguran&ccedil;a da mochila. Al&ccedil;as para as costas ajust&aacute;veis revestidas com espuma para um maior conforto sendo uma delas com bolso de z&iacute;per, al&ccedil;a para m&atilde;os e al&ccedil;a horizontal para encaixe em malas de viagem.</span></p>
";"Mochila anti furto, mochila anti furto usb, mochila anti furto ubs, mochila antifurto melhor preco, mochila impermeavel anti furto";"Mochila Anti Furto impermeável com USB";"Mochila impermeável anti furto com USB, mochila anti furto melhor preço do Brasil, mochila anti furto, mochila impermeável.";Importada;SIM;Importada;Unissex;Adulto
mochila-esportiva-com-compartimento-para-agua;"Mochila esportiva com compartimento para água";MOCHILAS;;;;;;;215.00;137.50;3.00;10.00;50.00;40.00;200;;;SIM;NÃO;"<p>Mochila esportiva. 420D. Compartimento principal forrado. Bolso frontal com z&iacute;per. Al&ccedil;as almofadadas. Reservat&oacute;rio de &aacute;gua: at&eacute; 2 L. Elementos refletores. Mochila e reservat&oacute;rios fornecidos separadamente. 265 x 410 x 55 mm</p>
";"Mochila hidratacao, mochila esportiva de hidratacao, mochila esportiva, mochila de ciclismo de hidratacao";"Mochila esportiva de hidratação";"Mochila esportiva de hidratação, mochila esportiva melhor preço, mochila de cliclismo com hidratação, mochila esportiva com hidratação.";Importada;SIM;Importada;Unissex;Adulto
mini-liquidificador-portatil-usb-300ml;"Mini Liquidificador Portátil USB 300ml";ELETROPORTÁTEIS;Cor;Azul;;;;;89.90;65.40;0.50;15.00;30.00;40.00;400;;;SIM;NÃO;"<p><span class=""desc-sub my-desc-sub"">Mini liquidificador smart com capacidade de 300ml. Cont&eacute;m tampa rosque&aacute;vel de polipropileno com al&ccedil;a para transporte e bocal com trava de prote&ccedil;&atilde;o, copo de policarbonato, ventoinha inox com 6 l&acirc;minas e base pl&aacute;stica com borrachas antiderrapantes. Base e tampa com sistema de veda&ccedil;&atilde;o em silicone. Acompanha cabo USB.</span></p>

<table>
	<tbody>
		<tr>
			<td class=""detalhe-t-td"">
			<p class=""detalhe-t-key"">Material: <span class=""detalhe-t-value""> Pl&aacute;stico ABS</span></p>
			</td>
		</tr>
		<tr>
			<td class=""detalhe-t-td"">
			<p class=""detalhe-t-key"">Altura: <span class=""detalhe-t-value""> 23 cm</span></p>
			</td>
		</tr>
		<tr>
			<td class=""detalhe-t-td"">
			<p class=""detalhe-t-key"">Largura: <span class=""detalhe-t-value""> 9,4 cm</span></p>
			</td>
		</tr>
		<tr>
			<td class=""detalhe-t-td"">
			<p class=""detalhe-t-key"">Circunfer&ecirc;ncia: <span class=""detalhe-t-value""> 20,9 cm</span></p>
			</td>
		</tr>
		<tr>
			<td class=""detalhe-t-td"">
			<p class=""detalhe-t-key"">Medidas para grava&ccedil;&atilde;o (A x L): <span class=""detalhe-t-value""> 2 cm x 3 cm</span></p>
			</td>
		</tr>
		<tr>
			<td class=""detalhe-t-td"">
			<p class=""detalhe-t-key"">Peso: <span class=""detalhe-t-value""> 374 g</span></p>
			</td>
		</tr>
		<tr>
			<td class=""detalhe-t-td"">
			<p class=""detalhe-t-key"">Motor: <span class=""detalhe-t-value""> DC3.6V</span></p>
			</td>
		</tr>
		<tr>
			<td class=""detalhe-t-td"">
			<p class=""detalhe-t-key"">Rota&ccedil;&atilde;o motor - liquidificador vazio: <span class=""detalhe-t-value""> &lt;22000RPM</span></p>
			</td>
		</tr>
		<tr>
			<td class=""detalhe-t-td"">
			<p class=""detalhe-t-key"">Rota&ccedil;&atilde;o motor - com frutas: <span class=""detalhe-t-value""> &lt;15000RPM</span></p>
			</td>
		</tr>
		<tr>
			<td class=""detalhe-t-td"">
			<p class=""detalhe-t-key"">Corrente: <span class=""detalhe-t-value""> 10-12A</span></p>
			</td>
		</tr>
		<tr>
			<td class=""detalhe-t-td"">
			<p class=""detalhe-t-key"">Bateria: <span class=""detalhe-t-value""> 2000mAh 3.7V</span></p>
			</td>
		</tr>
		<tr>
			<td class=""detalhe-t-td"">
			<p class=""detalhe-t-key"">Modo de uso: <span class=""detalhe-t-value json-modo-uso"">Corte as frutas em pequenos peda&ccedil;os de 1,5 cm e adicione &aacute;gua ao liquidificador at&eacute; atingir a capacidade de 60% do volume total, despeje as frutas no liquidificador e certifique-se de fechar bem os compartimentos. Ao ligar o motor, rotacione o liquidificador continuamente para auxiliar na tritura&ccedil;&atilde;o das frutas, em aproximadamente 1~2 minutos sua bebida estar&aacute; pronta. ALERTA: MANTENHA O PRODUTO FORA DO ALCANCE DE CRIAN&Ccedil;AS, BASE COM L&Acirc;MINAS ALTAMENTE CORTANTES.<span class=""btn-dec-tec""> ver menos</span></span></p>
			</td>
		</tr>
	</tbody>
</table>
";"mini liquidificador, mini liquidificador portatil, mini liquidificador usb, mini liquidificador 6 laminas";"Mini Liquidificador portatil USB com 6 laminas";"Mini liquidificador portátil USB com 6 laminas, mini liquidificador portátil para shakes e sucos, mini liquidificador portatil ribeirão preto";Importado;SIM;;;
mini-liquidificador-portatil-usb-300ml;;;Cor;Preto;;;;;89.90;65.40;0.50;15.00;30.00;40.00;400;;;;;;;;;;;;;
mini-liquidificador-portatil-usb-300ml;;;Cor;Branco;;;;;89.90;65.40;0.50;15.00;30.00;40.00;400;;;;;;;;;;;;;
mini-liquidificador-portatil-usb-300ml;;;Cor;Rosa;;;;;89.90;65.40;0.50;15.00;30.00;40.00;200;;;;;;;;;;;;;
mini-liquidificador-portatil-usb-300ml;;;Cor;Verde;;;;;89.90;65.40;0.50;15.00;30.00;40.00;200;;;;;;;;;;;;;
mini-liquidificador-portatil-usb-300ml;;;Cor;Roxo;;;;;89.90;65.40;0.50;15.00;30.00;40.00;200;;;;;;;;;;;;;
mini-geladeira-4l-branca-12v-127v-capacidade-4-garrafas-de-600ml-ou-6-latinhas-cabo-dc-cabo-ac;"Mini Geladeira 4L Branca 12V 127V Capacidade 4 Garrafas de 600ML ou 6 latinhas  -  Cabo DC  - Cabo AC";ELETROPORTÁTEIS;;;;;;;425.00;339.00;3.00;20.00;40.00;40.00;50;;;SIM;NÃO;"<div class=""src__Description-sc-13f3i2j-3 iTcIrv"">
<p><strong>Mini Geladeira Port&aacute;til Multilaser Tv009 4 Litros 110V Refrigera e Aquece com Carregador Veicular e Al&ccedil;a</strong></p>

<p>Leve e f&aacute;cil de carregar a Mini Geladeira da Multilaser &eacute; pr&oacute;pria para refrigera&ccedil;&atilde;o ou aquecimento garantindo total conforto.<br />
Com grade remov&iacute;vel, esta Geladeira Port&aacute;til possui capacidade de at&eacute; 4 litros espa&ccedil;o suficiente para 6 latas de 350ml.<br />
Ideal para manter a temperatura de alimentos, bebidas, medicamentos, frutas, legumes e demais produtos, onde quer que voc&ecirc; esteja.<br />
Acompanha al&ccedil;a para facilitar o transporte.<br />
Simples instala&ccedil;&atilde;o, podem ser instalados em qualquer ve&iacute;culo e tamb&eacute;m para uso residencial pois acompanha o cabo de alimenta&ccedil;&atilde;o 127V.</p>

<p><strong>Especifica&ccedil;&otilde;es T&eacute;cnicas:</strong><br />
Consumo de Energia: 40 a 60W<br />
Tens&atilde;o DC: 12v<br />
Tens&atilde;o AC: 127v<br />
Volume interno: 4 Litros<br />
Capacidade de Aquecimento: 50-65&deg; C<br />
Capacidade de Refrigera&ccedil;&atilde;o: 5&deg; C<br />
Possui Al&ccedil;a para Levar a Qualquer Lugar</p>

<p><strong>Conte&uacute;do da embalagem:</strong><br />
01 Mini Geladeira Branca (TV009)<br />
01 Cabo de alimenta&ccedil;&atilde;o veicular<br />
01 Cabo de alimenta&ccedil;&atilde;o residencial<br />
Manual do produto</p>

<p><strong>Importante:</strong><br />
Garantia de 1 Ano.<br />
Valor Unit&aacute;rio.<br />
Imagens Meramente Ilustrativas.<br />
Recomendamos que a instala&ccedil;&atilde;o seja feita por profissional especializado e n&atilde;o nos responsabilizamos pelo mau uso do produto.</p>
</div>
";"mini geladeira 4 litros, mini geladeira melhor preco, mini geladeira";"Mini Geladeira 4 litros Multilaser promoção";"Mini  geladeira 4 litros com cabos, mini geladeira ribeirão preto, mini geladeira melhor preço";Multilaser;SIM;Importado;Unissex;Adulto
bolsa-termica-600d-capacidade-ate-4-litros;"Bolsa térmica. 600D. Capacidade até 4 litros.";"BOLSAS E COOLERS TÉRMICOS";Cor;Branco;;;;;24.50;18.00;0.60;10.00;20.00;30.00;200;;;SIM;NÃO;"<p>Bolsa t&eacute;rmica. 600D. Capacidade at&eacute; 4 litros. Food grade. 150 x 190 x 150 mm</p>
";"bolsa termica 4 litros, bolsa termica, bolsa termica ribeirao preto, bolsa termica melhor preco";"Bolsa Térmica 4 litros promoção";"Bolsa térmica 4 litros, promoção imperdível, melhor preço de bolsa térmica, bolsa térmica ribeirão preto.";Importada;SIM;;;
bolsa-termica-600d-capacidade-ate-4-litros;;;Cor;Vermelho;;;;;24.50;18.00;0.60;10.00;20.00;30.00;200;;;;;;;;;;;;;
bolsa-termica-600d-capacidade-ate-4-litros;;;Cor;Verde;;;;;24.50;18.00;0.60;10.00;20.00;30.00;0;;;;;;;;;;;;;
bolsa-termica-600d-capacidade-ate-4-litros;;;Cor;Azul;;;;;24.50;18.00;0.60;10.00;20.00;30.00;200;;;;;;;;;;;;;
mochila-de-poliester-anti-furto-usb-com-segredo;"Mochila de Poliéster Anti-Furto USB com Segredo";MOCHILAS;;;;;;;160.00;85.00;0.70;25.00;40.00;60.00;200;;;SIM;NÃO;"<p><span class=""desc-sub my-desc-sub"">Mochila anti-furto com cadeado de segredo. Material poli&eacute;ster com detalhes em nylon, possui formato anat&ocirc;mico e design moderno, tem a parte frontal &agrave; prova d&rsquo;&aacute;gua e tecido imperme&aacute;vel. Pensando na seguran&ccedil;a do usu&aacute;rio foi confeccionado o compartimento principal na &aacute;rea traseira e um cadeado de segredo na &aacute;rea superior para travar os z&iacute;peres, impossibilitando a abertura do produto mesmo com a mochila na costa do usu&aacute;rio. Possui suporte com entrada USB na parte externa e cabo USB acoplado internamente; permitindo a conex&atilde;o de um carregador port&aacute;til na &aacute;rea interna e a conex&atilde;o de um eletr&ocirc;nico na &aacute;rea externa, viabilizando a carga e utiliza&ccedil;&atilde;o do eletr&ocirc;nico enquanto caminha. &Aacute;rea interna do compartimento principal: bolso para notebook de 15,6 polegadas, quatro bolsos para acess&oacute;rios, bolso com z&iacute;per; possui nas laterais internas sistema de velcro( maximizando a seguran&ccedil;a da mochila) e &aacute;rea inferior externa com bolso traseiro. Al&ccedil;as para as costas ajust&aacute;veis revestidas com espuma para um maior conforto. sendo uma delas com bolso de z&iacute;per, al&ccedil;a para m&atilde;os e al&ccedil;a horizontal para encaixe em malas de viagem. Acompanha plaquinha para personaliza&ccedil;&atilde;o. Utiliza&ccedil;&atilde;o do cadeado: para criar um segredo pressione e segure o bot&atilde;o &ldquo;push&rdquo;, crie a numera&ccedil;&atilde;o desejada e em seguida solte o bot&atilde;o para assumir a codifica&ccedil;&atilde;o criada, repita o mesmo processo sempre que necessitar fazer alguma altera&ccedil;&atilde;o.</span></p>

<div class=""desc"">
<p class=""desc-tit"">Altura<span class=""desc-sub"">&nbsp;:&nbsp; 45,5 cm</span></p>
</div>

<div class=""desc"">
<p class=""desc-tit"">Largura<span class=""desc-sub"">&nbsp;:&nbsp; 33,5 cm</span></p>
</div>

<div class=""desc"">
<p class=""desc-tit"">Profundidade<span class=""desc-sub"">&nbsp;:&nbsp; 19 cm</span></p>
</div>
";"Mochila anti furto, mochila anti furto com segredo, mochila anti furto ribeirao preto, mochila anti furto melhor preco";"Mochila Anti Furto com segredo";"Mochila impermeável anti furto com segredo, mochila anti furto melhor preço do Brasil, mochila anti furto, mochila impermeável.";Importada;SIM;Importada;Unissex;Adulto
thiker-ii-relogio-inteligent-ekston;"THIKER II. Relógio inteligent - Ekston";RELÓGIOS;;;;;;;550.00;450.00;0.30;10.00;10.00;10.00;100;;;SIM;NÃO;"<p>O THIKER II &eacute; um moderno rel&oacute;gio inteligente com bracelete em pele que se adequa a diferentes ocasi&otilde;es devido ao seu elegante design. Com transmiss&atilde;o via Bluetooth 4.2 (compat&iacute;vel com vers&otilde;es iguais ou superiores Android 5.0 e iOS 9.0) e v&aacute;rias funcionalidades &uacute;teis como: ped&oacute;metro, acesso a notifica&ccedil;&otilde;es e conex&atilde;o &agrave; playlist do dispositivo m&oacute;vel, monitoriza&ccedil;&atilde;o do sono, frequ&ecirc;ncia card&iacute;aca, geolocalizador, despertador, entre outras. O THIKER II tem uma resolu&ccedil;&atilde;o de ecr&atilde; de 240 x 240 px, capacidade de 230 mAh e autonomia em uso at&eacute; 72 horas e em standby at&eacute; 7 dias. Fornecido em caixa presente. 26 x 47 x 8 mm | Caixa: 120 x 120 x 70 mm</p>
";"relogio inteligente, ekston, relogio griffe, relogio melhor custo";"THIKER II. Relógio inteligent";"THIKER II. Relógio inteligent, Ekston, relógio inteligente Ribeirão Preto";Ekston;SIM;Importado;Masculino;Adulto
descry-fones-de-ouvido-wireless-ekston;"DESCRY. Fones de ouvido wireless - Ekston";"AUDIO (CAIXAS DE SOM\, FONES\, ETC)";;;;;;;580.00;450.00;0.40;10.00;10.00;10.00;100;;;SIM;NÃO;"<p>Os DESCRY s&atilde;o fones elegantes wireless em metal e ABS. As suas caracter&iacute;sticas t&eacute;cnicas elevam sua funcionalidade. Cont&ecirc;m uma transmiss&atilde;o por Bluetooth 5.0 e t&ecirc;m um alcance at&eacute; 10m. As suas funcionalidades incluem: microfone, bot&atilde;o para atender chamadas e conex&atilde;o &agrave; playlist do dispositivo m&oacute;vel. A caixa de carregamento est&aacute; inclu&iacute;da, &eacute; compat&iacute;vel com conector micro USB e tem uma capacidade de 500mAh. Os fones t&ecirc;m uma pot&ecirc;ncia de 20Hz-20kHz e pot&ecirc;ncia de 5mW (32&Omega;). A sua autonomia em uso &eacute; at&eacute; 3 h e em standby at&eacute; 300 h. Fornecidos em caixa presente. 31 x 78 x 38 mm | Caixa de carregamento: 79 x 40 x 32 mm | Caixa: 128 x 110 x 58 mm</p>
";"fone de ouvido bluetooth, fone de ouvido Ekston, ekston, fone de ouvido ribeirao preto";"DESCRY. Fones de ouvido wireless";"fones de ouvido wireless, fone de ouvido bluetooth, fone de ouvido melhor custo";Ekston;SIM;Ekston;Unissex;Adulto
metronome-relogio-inteligente-ekston;"METRONOME. Relógio inteligente - Ekston";RELÓGIOS;;;;;;;1,520.00;1,290.00;0.40;10.00;10.00;10.00;50;;;SIM;NÃO;"<p>O METRONOME &eacute; um rel&oacute;gio inteligente moderno e sofisticado com detalhes que lhe atribuem um design intemporal e simultaneamente inovador. Com um ecr&atilde; de 240 x 240 dpi e 1.3&#39;&#39;, o GPS integrado e a sua resist&ecirc;ncia &agrave; &aacute;gua elevam a singularidade deste rel&oacute;gio inteligente, tornando-se um aliado essencial no dia-a-dia. Tem ainda outras funcionalidades como o sensor de batimento card&iacute;aco, monitoriza&ccedil;&atilde;o do sono, notifica&ccedil;&otilde;es e conex&atilde;o &agrave; playlist do dispositivo m&oacute;vel via Bluetooth 4.0 (compat&iacute;vel com vers&otilde;es iguais ou superiores Android 5.0 e iOS 9.0). Capacidade de 450 mAh e autonomia em uso at&eacute; 48 horas e em standby at&eacute; 7 dias. Fornecido em caixa presente. 26 x 50 x 10 mm | Caixa: 120 x 120 x 70 mm</p>
";"relogio inteligente, relogio griffe, relogio melhor custo, relogio ekston";"METRONOME. Relógio inteligente";"Metronome Relógio inteligent, Ekston, relógio inteligente Ribeirão Preto";Ekston;SIM;Ekston;Unissex;Adulto
mochila-de-poliester-para-notebook-super-reforcada;"Mochila de Poliéster para Notebook - Super Reforçada";MOCHILAS;Modelo;"Sem Plaquinha";;;;;128.30;95.99;0.80;25.00;45.00;50.00;0;;;SIM;NÃO;"<p><span class=""desc-sub my-desc-sub"">Mochila poli&eacute;ster para notebook, cont&eacute;m detalhes em nylon e neoprene, compartimento grande com bolso interno, compartimento m&eacute;dio com bolso/suporte para documentos e divis&oacute;rias para 3 canetas, mini bolso com frontal superior, compartimento pequeno com bolso frontal e dois bolsos laterais de tela(nylon). Z&iacute;peres preto, duas fivelas laterais que podem ser encaixadas nas al&ccedil;as laterais para fechar com mais seguran&ccedil;a a mochila, al&ccedil;a superior acolchoada e al&ccedil;a de nylon, al&ccedil;as ajust&aacute;veis para as costas revestidas com espuma e parte traseira tamb&eacute;m revestida de espuma para um maior conforto.</span></p>

<p>Tamanho total aproximado <span class=""desc-sub"">&nbsp;(CxL):&nbsp; 47 cm x 38 cm x 19 cm</span></p>
";"mochilas para notebook, mochilas notebook, mochilas notebook reforcada, mochilas notebook melhor preco, mochilas notebook ribeirao preto";;;Importada;SIM;;;
mochila-de-poliester-para-notebook-super-reforcada;;;Modelo;"Com Plaquinha";;;;;128.30;95.99;0.80;25.00;45.00;50.00;800;;;;;;;;;;;;;
mochila-antifurto-p-notebook-antifurto-tecido-poliester-toda-forrada;"Mochila Antifurto p/ notebook antifurto. Tecido poliéster toda forrada.";MOCHILAS;Cor;Preto;;;;;165.00;95.00;1.00;15.00;40.00;50.00;100;;;SIM;NÃO;"<p><span class=""span_desc"">Parte externa:<br />
Ziper protegido.<br />
Conector USB externo na lateral com cabo USB na parte interna para ligar powerbank ou outro dispositivo.<br />
Um mini bolso com ziper na al&ccedil;a de ombro, ideal para dinheiro e cart&otilde;es.<br />
Al&ccedil;a p/ mala de viagem.<br />
Faixa refletiva noturna na parte externa.</span></p>

<hr />
<p><span class=""span_desc"">Parte interna:<br />
Bolso interno para celular.<br />
Um bolso para tablet.<br />
Bolso interno com ziper.<br />
Compartimente acolchoado p/ notebook, 33x25cm. Cinto el&aacute;stico nas reparti&ccedil;&otilde;es internas.</span></p>
";"add mochila add bolsa para notebook add mochila feminina add mala para notebook add mochila para tablet add mochila para netbook add mochila para ultrabook, mochilas notebook, mochilas notebook melhor preco, mochilas notebook reforcada, mochilas notebook ribeirao preto, mochilas para notebook, mochilas notebook dell";"Mochila p/ notebook antifurto. Tecido poliéster toda forrada.";"<meta name=""title"" content=""up utilidades e presentes para você""> <meta name=""description"" content=""Mochilas para notebook, mochilas notebook, mochilas notebook dell,mochilas notebook reforçadas, mochilas para notebook melhor preço""> <meta name=""keywords"" content=""mochilas para notebook, fones de ouvido, mini liquid";Importada;SIM;;;
mochila-antifurto-p-notebook-antifurto-tecido-poliester-toda-forrada;;;Cor;Cinza;;;;;165.00;129.00;1.00;15.00;40.00;50.00;100;;;;;;;;;;;;;
mochila-antifurto-p-notebook-antifurto-tecido-poliester-toda-forrada;;;Cor;Rosa;;;;;165.00;129.00;1.00;15.00;40.00;50.00;100;;;;;;;;;;;;;
mochila-antifurto-p-notebook-antifurto-tecido-poliester-toda-forrada;;;Cor;Azul;;;;;165.00;95.00;1.00;15.00;40.00;50.00;100;;;;;;;;;;;;;
bolsa-termica-73-litros;"Bolsa Térmica 7,3 Litros";"BOLSAS E COOLERS TÉRMICOS";;;;;;;55.30;35.40;0.40;20.00;30.00;40.00;200;;;SIM;NÃO;"<p><span class=""desc-sub my-desc-sub"">Bolsa t&eacute;rmica 7,3 Litros confeccionada em nylon, possui bolso frontal com detalhe colorido exterior; al&ccedil;a de m&atilde;o e tamb&eacute;m al&ccedil;a transvers&atilde;o ajust&aacute;vel e remov&iacute;vel.</span></p>

<div class=""desc"">
<p class=""desc-tit"">Altura<span class=""desc-sub"">&nbsp;:&nbsp; 20 cm</span></p>
</div>

<div class=""desc"">
<p class=""desc-tit"">Largura<span class=""desc-sub"">&nbsp;:&nbsp; 23 cm</span></p>
</div>

<div class=""desc"">
<p class=""desc-tit"">Profundidade<span class=""desc-sub"">&nbsp;:&nbsp; 16 cm</span></p>
</div>
";"bolsa termica, bolsa termica melhor preco, bolsa termica ribeirao preto, bolsa termica 7, bolsa termica 7 litros";"Bolsa Térmica 7 litros";"<meta name=""title"" content=""up utilidades e presentes para você""> <meta name=""description"" content=""bolsa térmica 7 litros, bolsa térmica ribeirão preto, bolsa térmica melhor preço, bolsa térmica prática.""> <meta name=""keywords"" content=""mochilas para notebook, fones de ouvido, mini liquidificador, kit, bolsas ";Importada;SIM;Importada;Unissex;Adulto
mochila-p-notebook-com-colocacao-de-senha;"Mochila p/ Notebook com colocação de senha";MOCHILAS;;;;;;;185.00;135.00;0.70;20.00;40.00;50.00;200;;;SIM;NÃO;"<p><span class=""span_desc"">Uma mochila moderna com bastante espa&ccedil;o interno incluindo porta notebook.</span></p>

<hr />
<p><span class=""span_desc"">Parte externa:<br />
Possui fechamento em cadeado com segredo.<br />
Al&ccedil;a de m&atilde;o em metal.<br />
Al&ccedil;a de ombro acolchoada.<br />
Mini bolso na al&ccedil;a de ombro.<br />
Fixa refletiva noturna.<br />
Bolso frontal grande.</span></p>

<hr />
<p><span class=""span_desc"">Sa&iacute;da USB e fone de ouvido. Parte interna:<br />
Divis&oacute;rias internas para canetas, documentos e telefone celular.<br />
Compartimento acolchoado p/ notebook, 43x27cm. </span></p>
";"mochila para notebook, mochila com cadeado, mochila para notebook com cadeado, mochila com segredo, mochila com cadeado melhor preco, mochila cadeado";;"Mini liquidificador portátil USB com 6 laminas, mini liquidificador portátil para shakes e sucos, mini liquidificador portatil ribeirão preto";Importada;SIM;Importada;Unissex;Adulto
bolsa-termica-12-litros;"Bolsa Térmica 12 litros";"BOLSAS E COOLERS TÉRMICOS";;;;;;;95.25;73.25;0.40;30.00;30.00;30.00;200;;;SIM;NÃO;"<p><span class=""span_desc"">Bolsa t&eacute;rmica, capacidade 12 litros, tecido nylon poli&eacute;ster (cinza), bolso frontal, dois bolsos laterais, al&ccedil;a de ombro ajust&aacute;vel, al&ccedil;a de m&atilde;o, parte interna soldada / ret&eacute;m liquido, cor cinza, grava&ccedil;&atilde;o bolso frontal.</span></p>
";"bolsa termica, bolsa termica melhor preco, bolsa termica ribeirao preto, bolsa termica 12 litros";"Bolsa térmica 12 litros melhor preço Ribeirão Preto";"<meta name=""title"" content=""up utilidades e presentes para você""> <meta name=""description"" content=""bolsa térmica 7 litros, bolsa térmica ribeirão preto, bolsa térmica melhor preço, bolsa térmica prática.""> <meta name=""keywords"" content=""mochilas para notebook, fones de ouvido, mini liquidificador, kit, bolsas ";Importada;SIM;Importada;Unissex;Adulto
bolsa-termica-10-litros-cadeira-banco;"Bolsa Térmica 10 Litros - Cadeira - Banco";"BOLSAS E COOLERS TÉRMICOS";;;;;;;179.87;154.80;2.00;35.00;40.00;50.00;200;;;SIM;NÃO;"<p><span class=""span_desc"">Bolsa t&eacute;rmica e cadeira, capacidade 10 litros, tecido polyester, com bolso frontal, cor cinza, al&ccedil;a de costas regul&aacute;vel, parte interna soldada, ret&eacute;m liquido. </span></p>
";"bolsa, bolsa termica cadeira, bolsa termica banco, bolsa termica 10 litros, bolsas termica cadeira ribeirao preto";"Bolsa térmica cadeira 10 litros de capacidade melhor custo benefício";"<meta name=""title"" content=""up utilidades e presentes para você""> <meta name=""description"" content=""bolsa térmica 7 litros, bolsa térmica ribeirão preto, bolsa térmica melhor preço, bolsa térmica prática, bolsa térmica cadeira, bolsa térmica 10 litros""> <meta name=""keywords"" content=""mochilas para notebook, f";Importada;SIM;Importada;Unissex;Adulto
bolsa-termica-16-litros;"Bolsa térmica 16 litros";"BOLSAS E COOLERS TÉRMICOS";;;;;;;98.50;78.90;0.50;20.00;40.00;40.00;200;;;SIM;NÃO;"<p><span class=""span_desc"">Bolsa t&eacute;rmica, capacidade 16 litros, tecido nylon e poli&eacute;ster, bolso frontal, al&ccedil;a de ombro regul&aacute;vel, parte interna soldada para reten&ccedil;&atilde;o de l&iacute;quidos, grava&ccedil;&atilde;o da logomarca no bolso frontal ou tampa.</span></p>
";"bolsa termica, bolsa termica 16 litros, bolsas termica cadeira ribeirao preto, bolsa termica melhor preco, bolsa termica ribeirao preto";"Bolsa térmica 16 litros melhor preço Ribeirão Preto";"<meta name=""title"" content=""up utilidades e presentes para você""> <meta name=""description"" content=""bolsa térmica 7 litros, bolsa térmica ribeirão preto, bolsa térmica melhor preço, bolsa térmica prática, bolsa térmica cadeira, bolsa  bolsa termica 16 litros""> <meta name=""keywords"" content=""mochilas para noteb";;SIM;Importada;Unissex;Adulto
bolsa-termica-10-litros;"Bolsa Térmica 10 Litros";"BOLSAS E COOLERS TÉRMICOS";;;;;;;79.50;59.80;0.40;30.00;40.00;40.00;200;;;SIM;NÃO;;"bolsa termica, bolsa termica melhor preco, bolsa termica ribeirao preto, bolsa termica 10 litros";"Bolsa térmica 10 litros melhor preço Ribeirão Preto";"<meta name=""title"" content=""up utilidades e presentes para você""> <meta name=""description"" content=""bolsa térmica 7 litros, bolsa térmica ribeirão preto, bolsa térmica melhor preço, bolsa térmica prática, bolsa térmica cadeira, bolsa  bolsa termica 10 litros""> <meta name=""keywords"" content=""mochilas para noteb";Importada;SIM;Importada;Unissex;Adulto
blare-coluna-caixa-de-som-com-microfone;"BLARE. Coluna - Caixa de som com microfone";"AUDIO (CAIXAS DE SOM\, FONES\, ETC)";;;;;;;289.00;229.00;0.50;10.00;15.00;15.00;100;;;SIM;NÃO;"<p><span class=""span_desc"">Bolsa T&eacute;rmica. Capacidade 10 litros Bolso frontal. Al&ccedil;a de ombro regul&aacute;vel. Tecido nylon e e poli&eacute;ster. Grava&ccedil;&atilde;o no bolso frontal. </span></p>
";"caixa de som com microfone ekston, caixa de som, caixa de som bluetooth, caixa de som ribeirao preto";"Caixa de som com microfone e Bluetooth Ekston";"<meta name=""title"" content=""up utilidades e presentes para você""> <meta name=""description"" content=""Caixa de som com microfone e Bluetooth Ekston, caixa de som ribeirão preto.""> <meta name=""keywords"" content=""mochilas para notebook, fones de ouvido, mini liquidificador, kit, bolsas térmicas, canecas, garrafas, squee";Ekston;SIM;Ekston;Unissex;Adulto
philadel-sacola-termica;"PHILADEL. Sacola térmica";"BOLSAS E COOLERS TÉRMICOS";Cor;Preto;;;;;72.00;52.30;0.50;30.00;45.00;50.00;200;;;SIM;NÃO;"<p>Sacola t&eacute;rmica. 600D. 2 formas distintas de utiliza&ccedil;&atilde;o. Com z&iacute;per duplo e interior forrado (com PEVA) e almofadado. Bolso frontal com z&iacute;per. Al&ccedil;as ajust&aacute;veis em webbing, com refor&ccedil;o. Capacidade at&eacute; 15 L. Food grade. 480 x 330 x 180 mm | 310 x 240 x 180 mm</p>
";"bolsa termica, bolsa termica 15 litros ribeirao preto, bolsa termica melhor preco, bolsa termica 4 litros";"Sacola termica 15 litros Ribeirão Preto melhor preço";"<meta name=""title"" content=""up utilidades e presentes para você""> <meta name=""description"" content=""bolsa termica 15 litros , bolsa termica ribeirão preto, bolsa termica melhor custo""> <meta name=""keywords"" content=""bolsa termica 15 litros , bolsa termica ribeirão preto, bolsa termica melhor custo""> <meta name=""robo";Importada;SIM;;;
philadel-sacola-termica;;;Cor;Azul;;;;;72.00;52.30;0.50;30.00;45.00;50.00;200;;;;;;;;;;;;;
philadel-sacola-termica;;;Cor;Verde;;;;;72.00;52.30;0.50;30.00;45.00;50.00;200;;;;;;;;;;;;;
caixa-de-som-multimidia;"Caixa de Som Multimídia";"AUDIO (CAIXAS DE SOM\, FONES\, ETC)";Cor;Preto;;;;;72.90;62.50;0.40;12.00;20.00;20.00;200;;;SIM;NÃO;"<p><span class=""desc-sub my-desc-sub"">Caixa de som pl&aacute;stica multim&iacute;dia com efeito visual, s&atilde;o geradas vibra&ccedil;&otilde;es no alto-falante ao reproduzir m&uacute;sicas com batidas graves. Operante nos modos: bluetooth, r&aacute;dio FM, cart&atilde;o microSD e atendimento de chamadas. Cont&eacute;m plaquinha met&aacute;lica fixa na &aacute;rea frontal e base com borrachas antiderrapantes. Acompanha cabo USB.</span></p>
";"caixa de som, caixa de som multimidia, caixa de som bluetooth";"Caixa de som plástica multimídia com efeito visual e bluetooth";"caixa de som multimídia para pc  caixa multimídia bluetooth  caixa de som amplificada  caixa de som bluetooth";Importada;SIM;;;
caixa-de-som-multimidia;;;Cor;Branco;;;;;72.90;62.50;0.40;12.00;20.00;20.00;200;;;;;;;;;;;;;
caixa-de-som-multimidia-com-relogio;"Caixa de Som Multimídia com Relógio";"AUDIO (CAIXAS DE SOM\, FONES\, ETC)";;;;;;;79.80;58.30;0.40;10.00;25.00;25.00;200;;;SIM;NÃO;"<p><span class=""desc-sub my-desc-sub"">Caixa de Som Multim&iacute;dia com rel&oacute;gio digital. Material emborrachado com display superior frontal, tela de prote&ccedil;&atilde;o dos falantes em tecido, parte inferior com borrachas anti-deslizantes. Possui bot&otilde;es de Rel&oacute;gio/Alarme; Telefone/Atender chamadas; Mode; - retroceder/diminuir; + avan&ccedil;ar/aumentar; Play/Pause/Troca; Microfone; Bot&atilde;o on/off; Entrada auxiliar P2; Entrada DC 5V; Entrada USB e Entrada TF (cart&atilde;o MicroSD). Fun&ccedil;&otilde;es: bot&atilde;o Rel&oacute;gio/Alarme &ndash; ao pression&aacute;-lo ele ir&aacute; entrar em modo de ajuste, neste modo quando pressionado novamente ele finaliza o ajuste. Ao segur&aacute;-lo ele ativa/desativa o bluetooth, caso ajuste o hor&aacute;rio do alarme e ele ficar congelado, segurar este bot&atilde;o para voltar ao hor&aacute;rio normal; bot&atilde;o Telefone &ndash; quando conectado atrav&eacute;s do bluetooth basta pressionar este bot&atilde;o para atender e desligar a chamada; bot&atilde;o M/Mode &ndash; alterna entre os modos bluetooth, r&aacute;dio FM(basta conectar o cabo na entrada DC 5V para utilizar com antena, ap&oacute;s isto pressionar o bot&atilde;o play e ir&aacute; come&ccedil;ar a sintonizar automaticamente), entrada de a&uacute;dio auxiliar(pode ser conectada no computador), pen drive e cart&atilde;o de mem&oacute;ria MicroSD; bot&atilde;o &ndash; - ao ser pressionado retrocede a faixa ou esta&ccedil;&atilde;o, no modo rel&oacute;gio diminui a contagem, nos modos com m&uacute;sica ao ser segurado ir&aacute; abaixar o volume; bot&atilde;o + - ao ser pressionado avan&ccedil;a a faixa ou esta&ccedil;&atilde;o, no modo rel&oacute;gio aumenta a contagem, nos modos com m&uacute;sica ao ser segurado ir&aacute; abaixar o volume; bot&atilde;o Play/Pause/Troca &ndash; no modo rel&oacute;gio ao ser pressionado ir&aacute; mudar a sele&ccedil;&atilde;o do ajuste(ficar&aacute; piscando aonde ser&aacute; ajustado), caso o alarme n&atilde;o esteja tocando basta segurar este bot&atilde;o para resetar as configura&ccedil;&otilde;es e ir&aacute; funcionar normalmente. Nos modos com m&uacute;sica serve de play e pause. Bluetooth V 4.2; Dist&acirc;ncia de alcance 10 metros; Voltagem DC 5V; Recarga aproximada de 2 &agrave; 3 horas; Falante 4&Omega;3W; S/N &ge;95db; Frequ&ecirc;ncia de Resposta 280HZ-16KHZ; Pot&ecirc;ncia da bateria 1200mA. Acompanha cabo USB e manual chin&ecirc;s/ingl&ecirc;s.</span></p>
";"caixa de som, caixa de som bluetooth, caixa de som com relogio, caixa de som multimidia";"Caixa de Som Multimídia com relógio digital. Material emborrachado c";"aixa de som com relogio  caixa de som com relógio digital  caixa de som bluetooth com relógio  caixa de som com despertador  rádio relógio despertador digital caixa de som bluetooth  jbl horizon  caixa de som rádio relógio despertador bluetooth mp3 usb sd  rádio relógio  caixa de som";Importada;SIM;Importado;Unissex;Adulto
carregador-rapido-de-inducao-redondo;"Carregador Rápido de Indução Redondo";ELETRÔNICOS;Cor;Preto;;;;;75.00;56.30;0.10;5.00;20.00;20.00;200;;;NÃO;NÃO;"<p><span class=""desc-sub my-desc-sub"">Carregador wireless por indu&ccedil;&atilde;o em formato de disco. Produzido em material pl&aacute;stico, o carregador possui antiderrapantes de silicone na parte inferior. Para desfrutar do carregamento por indu&ccedil;&atilde;o (sem fio) &eacute; fundamental que o celular possua a tecnologia QI &ndash; desta maneira &eacute; poss&iacute;vel carregar o celular posicionando-o sob carregador, sendo necess&aacute;rio apenas necess&aacute;rio conectar o carregador &agrave; uma fonte de energia (USB ou diretamente na tomada). O carregador wireless possui a tecnologia de carga r&aacute;pida, mas para a utiliza&ccedil;&atilde;o deste modo &eacute; necess&aacute;rio que o celular tamb&eacute;m possua esta tecnologia, caso contr&aacute;rio ser&aacute; realizada a carga normal. O carregador possui luzes de funcionamento, quando ligado ir&aacute; exibir a luz verde e ao entrar em modo de carga ir&aacute; exibir uma luz azul. Entrada universal 5.0V=2A; Entrada carga r&aacute;pida 9.0V=2A; Sa&iacute;da universal 5.0V=1A; Sa&iacute;da carga r&aacute;pida 9.0V=1.2A; Dist&acirc;ncia de transmiss&atilde;o 8mm e taxa de convers&atilde;o &ge;73%. Acompanha cabo USB.</span></p>
";"carregador por inducao como funciona, carregador por inducao, melhor carregador por inducao, carregador por inducao ribeirao preto";"Carregador Rápido de Indução Redondo";"Carregador wireless por indução em formato de disco. Produzido em material plástico, o carregador possui antiderrapantes de silicone na parte inferior.  Melhor carregador por indução";Importado;SIM;;;
carregador-rapido-de-inducao-redondo;;;Cor;Branco;;;;;75.00;56.30;0.10;5.00;20.00;20.00;200;;;;;;;;;;;;;
carregador-rapido-de-inducao-vertical;"Carregador Rápido de Indução vertical";ELETRÔNICOS;;;;;;;86.30;66.40;0.12;10.00;20.00;20.00;200;;;SIM;NÃO;"<p><span class=""desc-sub my-desc-sub"">Carregador vertical wireless por indu&ccedil;&atilde;o. Produzido em material pl&aacute;stico, o carregador possui antiderrapantes emborrachados na parte inferior. Para desfrutar do carregamento por indu&ccedil;&atilde;o (sem fio) &eacute; fundamental que o celular possua a tecnologia QI &ndash; desta maneira &eacute; poss&iacute;vel carregar o celular posicionando-o sob carregador, sendo necess&aacute;rio apenas necess&aacute;rio conectar o carregador &agrave; uma fonte de energia (USB ou diretamente na tomada). O carregador wireless possui a tecnologia de carga r&aacute;pida, mas para a utiliza&ccedil;&atilde;o deste modo &eacute; necess&aacute;rio que o celular tamb&eacute;m possua esta tecnologia, caso contr&aacute;rio ser&aacute; realizada a carga normal. O carregador possui luzes de funcionamento, quando ligado haver&aacute; exibi&ccedil;&atilde;o de luzes na cor verde e vermelho que logo se apagar&atilde;o, e ao entrar em modo de carga ir&aacute; exibir uma luz verde. Entrada universal DC 5.0V,2.0A; Entrada carga r&aacute;pida DC 9.0V,1.8A; Frequ&ecirc;ncia 110-205KHz; Dist&acirc;ncia de transmiss&atilde;o 4~10mm e taxa de convers&atilde;o &ge;72%. Acompanha cabo USB.</span></p>
";"carregador por inducao como funciona, carregador por inducao, carregador, carregador por inducao ribeirao preto, melhor carregador por inducao";"Carregador Rápido de Indução vertical";"carregador por indução como funciona,  carregador por indução  melhor carregador por indução carregador por indução ";Importada;SIM;Importado;Unissex;Adulto
caixa-de-som-multimidia-com-porta-caneta-e-luminaria;"Caixa de Som Multimídia com Porta Caneta e Luminária";"AUDIO (CAIXAS DE SOM\, FONES\, ETC)";;;;;;;99.90;85.90;0.50;10.00;30.00;30.00;200;;;SIM;NÃO;"<p><span class=""desc-sub my-desc-sub"">Caixa de som multim&iacute;dia com luzes, suporte para celular e porta caneta. Material pl&aacute;stico resistente na cor branca fosca, parte superior com falante vazado na &aacute;rea interna, pode ser utilizado como porta caneta ou suporte para celular. Parte inferior branca leitosa com linhas em relevo, borracha inferior antideslizante e al&ccedil;a de alum&iacute;nio. Fun&ccedil;&otilde;es: bot&atilde;o Off/On(desligar/ligar); bot&atilde;o ? quando pressionado altera entre os 11 modos de luzes, quando segurado liga/desliga esta fun&ccedil;&atilde;o; bot&atilde;o - retrocede a faixa e quando segurado diminui o volume; bot&atilde;o M&gt;|| tem algumas fun&ccedil;&otilde;es: ao ser pressionado serve como play/pause(quando conectado e houver uma chamada basta pressionar para atender), quando segurado ele alterna entre os modos de reprodu&ccedil;&atilde;o &ndash; Bluetooth, R&aacute;dio e Auxiliar/pode ser conectada ao computador(n&atilde;o acompanha cabo auxiliar); bot&atilde;o + avan&ccedil;a a faixa e quando segurado aumenta o volume. Possui: Entrada para cart&atilde;o MicroSD; Entrada DC 5V; Entrada Auxiliar/P2; Bot&atilde;o Off/On; Entrada USB; Luz led indicando funcionamento; Bot&atilde;o ? luzes; Bot&atilde;o -; Bot&atilde;o Mode; Bot&atilde;o +; Microfone; Falante 4 &Omega; 5W; Pot&ecirc;ncia de sa&iacute;da 5W*1; Bateria 1200mAh, Dura&ccedil;&atilde;o aproximada 3 &Agrave; 4 horas; Acompanha cabo USB.</span></p>
";"Caixa de Som Multimidia com Porta Caneta e Luminaria, caixa de som bluetooth, caixa de som ribeirao preto, caixa de som multimidia";;;Importada;SIM;Importado;Unissex;Adulto
mochila-de-nylon-dobravel-25-litros-impermeavel;"Mochila de Nylon Dobrável 25 Litros - Impermeável";MOCHILAS;Cor;Verde;;;;;45.60;28.90;0.14;5.00;20.00;30.00;500;;;SIM;NÃO;"<p><span class=""desc-sub my-desc-sub"">Mochila dobr&aacute;vel de 25 litros confeccionada em nylon imperme&aacute;vel. Compacta e com abertura pr&aacute;tica, possui compartimento principal com pequeno bolso interno, bolsos laterais em malha e bolso frontal &ndash; compartimento respons&aacute;vel por acomodar a mochila. Para armazenar a mochila no compartimento basta virar o bolso frontal do avesso e dobrar o tecido para melhor acomoda&ccedil;&atilde;o do material. O modo compacto possui uma al&ccedil;a em nylon para transporte, a mochila disp&otilde;e de al&ccedil;a de m&atilde;o em nylon e al&ccedil;as ajust&aacute;veis para as costas com revestimento espumado.</span></p>

<div class=""desc"">
<p class=""desc-tit"">Altura<span class=""desc-sub"">&nbsp;:&nbsp; 44 cm</span></p>
</div>

<div class=""desc"">
<p class=""desc-tit"">Largura<span class=""desc-sub"">&nbsp;:&nbsp; 31,5 cm</span></p>
</div>

<div class=""desc"">
<p class=""desc-tit"">Profundidade<span class=""desc-sub"">&nbsp;:&nbsp; 18 cm</span></p>
</div>
";"mochila impermeavel, mochila pratica, mochila camping, mochila viagem, viagem, mochila dobravel, mochila portatil, mochila leva, mochila esportiva";"Mochila de Nylon Dobrável 25 Litros Imperméavel";;Importada;SIM;;;
mochila-de-nylon-dobravel-25-litros-impermeavel;;;Cor;Cinza;;;;;45.60;28.90;0.14;5.00;20.00;30.00;500;;;;;;;;;;;;;
mochila-de-nylon-dobravel-25-litros-impermeavel;;;Cor;Pink;;;;;45.60;28.90;0.14;5.00;20.00;30.00;500;;;;;;;;;;;;;
mochila-de-nylon-dobravel-25-litros-impermeavel;;;Cor;Preto;;;;;45.60;28.90;0.14;5.00;20.00;30.00;500;;;;;;;;;;;;;
mochila-de-nylon-dobravel-25-litros-impermeavel;;;Cor;Azul;;;;;45.60;28.90;0.14;5.00;20.00;30.00;500;;;;;;;;;;;;;
mochila-de-nylon-dobravel-25-litros-impermeavel;;;Cor;Rosa;;;;;45.60;28.90;0.14;5.00;20.00;30.00;500;;;;;;;;;;;;;
copo-fibra-de-bambu-350ml;"Copo Fibra de Bambu 350ml";"COPOS E CANECAS";Cor;Azul;;;;;20.00;18.00;0.20;20.00;20.00;20.00;500;;;SIM;NÃO;"<p><span class=""desc-sub my-desc-sub"">Copo fibra de bambu 350ml com parede dupla e al&ccedil;a. Copo produzido em Polipropileno livre de BPA, possui uma tampa de veda&ccedil;&atilde;o rosque&aacute;vel e al&ccedil;a de nylon (remov&iacute;vel) para transporte. Conserva a temperatura interna durante um per&iacute;odo de 1 &agrave; 2 horas, mas n&atilde;o disp&otilde;e de isolamento t&eacute;rmico. O copo pode ser levado a lava-lou&ccedil;as, geladeiras e micro-ondas.</span></p>

<div class=""desc"">
<p class=""desc-tit"">Altura<span class=""desc-sub"">&nbsp;:&nbsp; 17 cm</span></p>
</div>

<div class=""desc"">
<p class=""desc-tit"">Largura<span class=""desc-sub"">&nbsp;:&nbsp; 7,8 cm</span></p>
</div>

<div class=""desc"">
<p class=""desc-tit"">Circunfer&ecirc;ncia<span class=""desc-sub"">&nbsp;:&nbsp; 22,4 cm</span></p>
</div>
";"Copo ecologico, copo fibra de bambu, copo natureza, natureza, meio ambiente, copo especial ecologico";"Copo fibra de bambu 350ml com parede dupla e alça. ";;Importado;SIM;;;
copo-fibra-de-bambu-350ml;;;Cor;Bege;;;;;20.00;18.00;0.20;20.00;20.00;20.00;0;;;;;;;;;;;;;
copo-fibra-de-bambu-350ml;;;Cor;Rosa;;;;;20.00;18.00;0.20;20.00;20.00;20.00;500;;;;;;;;;;;;;
copo-fibra-de-bambu-350ml;;;Cor;Verde;;;;;20.00;18.00;0.20;20.00;20.00;20.00;0;;;;;;;;;;;;;
saca-rolhas-eletrico-mod-18555;"Saca Rolhas Elétrico - MOD. 18555";"BAR E AFINS";;;;;;;89.90;68.90;0.40;10.00;20.00;30.00;200;;;SIM;NÃO;"<p><span class=""desc-sub my-desc-sub"">Saca rolhas el&eacute;trico com cortador de lacre, cont&eacute;m compartimento com tampa rosque&aacute;vel para inclus&atilde;o de 4 pilhas AA (n&atilde;o acompanha).</span></p>
";"SACA rolhas eletrico, saca rolhas style, saco rolas eletrico ribeirao preto, vinho, garrafa de vinho, rolhas";"Saca rolhas elétrico com cortador de lacre, contém compartimento com";;Importado;SIM;Importado;Unissex;Adulto
kit-vinho-garrafa-3-pecas;"Kit Vinho Garrafa 3 peças";"KIT VINHO";;;;;;;58.00;44.00;0.40;10.00;23.00;23.00;500;;;SIM;NÃO;"<p><span class=""desc-sub my-desc-sub"">Kit vinho formato garrafa com 3 pe&ccedil;as: wine collar, bico condutor com tampa e saca rolhas met&aacute;lico com l&acirc;mina de corte e abridor de garrafa. Estojo com fechamento imantado e &aacute;rea interna com ber&ccedil;o de espuma.</span></p>
";"kit vinho, kit vinho melhor custo, kit vinho ribeirao preto, kit vinho presente";"Kit Vinho Garrafa 3 peças";;Importada;SIM;Importado;Unissex;Adulto
kit-vinho-garrafa-5-pecas;"Kit Vinho Garrafa 5 peças";"KIT VINHO";;;;;;;70.00;55.30;0.50;10.00;25.00;25.00;200;;;SIM;NÃO;"<p><span class=""desc-sub my-desc-sub"">Kit vinho formato garrafa com 5 pe&ccedil;as: tampa de bico, wine collar, bico condutor com tampa, saca rolhas met&aacute;lico com l&acirc;mina de corte e abridor de garrafa e cortador de lacre. Estojo com fechamento imantado e &aacute;rea interna com ber&ccedil;o de espuma.</span></p>
";"Kit vinho formato garrafa com 5 pecas: tampa de bico, wine collar, bico condutor com tampa, kit vinho melhor custo, kit vinho ribeirao preto";"Kit vinho formato garrafa com 5 peças: tampa de bico, wine collar, bi";;Importado;SIM;Importado;Unissex;Adulto
garrafa-inox-750ml;"Garrafa Inox 750ml";"SQUEEZES E GARRAFAS";Cor;Azul;;;;;45.00;38.50;0.20;30.00;20.00;20.00;200;;;SIM;NÃO;"<p><span class=""desc-sub my-desc-sub"">Garrafa 750ml em inox com tampa rosque&aacute;vel e pintura fosca. Obs.: N&atilde;o &eacute; um modelo t&eacute;rmico.</span></p>

<div class=""desc"">
<p class=""desc-tit"">Altura<span class=""desc-sub"">&nbsp;:&nbsp; 27,5 cm</span></p>
</div>

<div class=""desc"">
<p class=""desc-tit"">Largura<span class=""desc-sub"">&nbsp;:&nbsp; 7,3 cm</span></p>
</div>

<div class=""desc"">
<p class=""desc-tit"">Circunfer&ecirc;ncia<span class=""desc-sub"">&nbsp;:&nbsp; 23 cm</span></p>
</div>
";"Garrafa Inox 750ml, academia, garrafa inox, garrafa esporte, esporte";"Garrafa de Inox 750 ml melhor preço";;Importado;SIM;;;
garrafa-inox-750ml;;;Cor;Preto;;;;;45.00;40.00;0.20;30.00;20.00;20.00;200;;;;;;;;;;;;;
garrafa-inox-750ml;;;Cor;Vermelho;;;;;45.00;40.00;0.20;30.00;20.00;20.00;200;;;;;;;;;;;;;
garrafa-inox-750ml;;;Cor;Rosa;;;;;45.00;40.00;0.20;30.00;20.00;20.00;200;;;;;;;;;;;;;
garrafa-inox-750ml;;;Cor;Branco;;;;;45.00;40.00;0.20;30.00;20.00;20.00;200;;;;;;;;;;;;;
garrafa-inox-750ml;;;Cor;Verde;;;;;45.00;40.00;0.20;30.00;20.00;20.00;200;;;;;;;;;;;;;
garrafa-inox-750ml;;;Cor;Prata;;;;;45.00;40.00;0.20;30.00;20.00;20.00;200;;;;;;;;;;;;;
garrafa-inox-750ml;;;Cor;Laranja;;;;;45.00;40.00;0.20;30.00;20.00;20.00;200;;;;;;;;;;;;;
garrafa-termica-metal-400ml;"Garrafa Térmica Metal 400ml";"SQUEEZES E GARRAFAS";Cor;Preto;;;;;62.30;40.00;0.40;30.00;20.00;30.00;0;;;SIM;NÃO;"<p><span class=""desc-sub my-desc-sub"">Garrafa t&eacute;rmica de 400ml de metal colorida com bot&atilde;o e v&aacute;lvula para abertura. Possui um sistema de trava (basta mover para cima/baixo para abrir/fechar), pressione o bot&atilde;o central para abrir a tampa(possui na parte interna borracha protetora evitando vazar o l&iacute;quido). Para abrir a tampa por completo basta rosque&aacute;-la, parte interna revestida em inox. Na embalagem do produto pode ir especificado a capacidade de 450ml ou 500ml devido aos fabricantes que trabalham terem impresso a descri&ccedil;&atilde;o deste modo, por&eacute;m ressalvamos a capacidade correta de 400ml.</span></p>

<p>Tamanho total aproximado <span class=""desc-sub"">&nbsp;(CxL):&nbsp; 22,7 cm x 7,2 cm x 20,5</span></p>
";"Garrafa termica, garrafa, esporte, squeeze, garrafa termica ribeirao preto";"Garrafa Térmica 400 ml melhor custo";;Importada;SIM;;;
garrafa-termica-metal-400ml;;;Cor;Vermelho;;;;;62.30;40.00;0.40;30.00;20.00;30.00;200;;;;;;;;;;;;;
garrafa-termica-metal-400ml;;;Cor;Branco;;;;;62.30;40.00;0.40;30.00;20.00;30.00;200;;;;;;;;;;;;;
garrafa-termica-metal-400ml;;;Cor;Rosa;;;;;62.30;40.00;0.40;30.00;20.00;30.00;0;;;;;;;;;;;;;
garrafa-termica-metal-400ml;;;Cor;Dourado;;;;;62.30;40.00;0.40;30.00;20.00;30.00;200;;;;;;;;;;;;;
garrafa-termica-inox-1l;"Garrafa Térmica Inox 1L";"SQUEEZES E GARRAFAS";;;;;;;78.00;58.30;0.70;20.00;20.00;40.00;200;Importado;;SIM;NÃO;"<p><span class=""desc-sub my-desc-sub"">Garrafa t&eacute;rmica 1L em inox com tampa rosque&aacute;vel, tampa interna em pl&aacute;stico resistente(basta um clique para abrir ou fechar). Acompanha capa protetora de couro sint&eacute;tico com al&ccedil;a em nylon e detalhe vermelho.</span></p>
";"Garrafa Termica 1 litro, garrafa termica melhor preco, Garrafa termica";"Garrafa térmica 1L em inox com tampa rosqueável, tampa interna em pl";;Importada;SIM;Importada;Unissex;Adulto
kit-churrasco-3-pecas;"Kit Churrasco 3 peças";"KIT CHURRASCO";;;;;;;96.00;76.00;0.90;10.00;20.00;40.00;200;;;SIM;NÃO;"<p><span class=""desc-sub my-desc-sub"">Kit churrasco 3 pe&ccedil;as em maleta de alum&iacute;nio com relevo. Possui: faca, garfo e pegador em inox(todas pe&ccedil;as possuem prote&ccedil;&atilde;o pl&aacute;stica) detalhes em metal nas bordas da maleta, duas dobradi&ccedil;as na parte inferior, uma al&ccedil;a e duas presilhas para travar/abrir maleta. Parte interna revestida de tecido tnt e velcro para guardar as pe&ccedil;as.&quot; observa&ccedil;&atilde;o: Maleta 11,9 cm x 37 cm x 7,8 cm &ndash; Faca 32,5 cm x 2,4 cm &ndash; Garfo 34,6 cm x 3,3 cm &ndash; Pegador 34,3 cm x 6 cm</span></p>

<div class=""desc"">
<p class=""desc-tit"">Tamanho total aproximado <span class=""desc-sub"">&nbsp;(CxL):&nbsp; Maleta 11,9 cm x 37 cm x 7,8 cm &ndash; Faca 32,5 cm x 2,4 cm &ndash; Garfo 34,6 cm x 3,3 cm &ndash; Pegador 34,3 cm x 6 cm</span></p>
</div>
";"kit churrasco, kitchurrascotop, kit churrasco ribeirao preto";"Kit churrasco 3 peças especial";;Importado;SIM;Importado;Unissex;Adulto
kit-churrasco-4-pecas;"Kit Churrasco 4 peças";"KIT CHURRASCO";;;;;;;0.00;;1.00;10.00;20.00;30.00;200;;;SIM;NÃO;"<p><span class=""desc-sub my-desc-sub"">Kit churrasco 4 pe&ccedil;as em maleta de alum&iacute;nio com relevo. Possui: esp&aacute;tula, pegador, garfo e faca em inox(todas pe&ccedil;as possuem prote&ccedil;&atilde;o pl&aacute;stica) detalhes em metal nas bordas da maleta, duas dobradi&ccedil;as na parte inferior, uma al&ccedil;a e duas presilhas para travar/abrir maleta. Parte interna revestida de tecido tnt e velcro para guardar as pe&ccedil;as.&quot; observa&ccedil;&atilde;o: Maleta 13,1 cm x 38 cm x 6,9 cm &ndash; Esp&aacute;tula 34 cm x 7 cm &ndash; Pegador 34,3 cm x 6 cm &ndash; Garfo 33,7 cm x 3,3 cm &ndash; Faca 32,4 cm x 2,6 cm</span></p>
";"kit churrasco, kitchurrascotop, kit churrasco ribeirao preto, kit churrasco melhor preco";"Kit churrasco 4 peças em maleta de alumínio com relevo. ";;Importado;SIM;importada;Unissex;Adulto
kit-churrasco-3-pecas-melhor-custo;"Kit Churrasco 3 peças - Melhor custo";"KIT CHURRASCO";;;;;;;74.00;54.00;0.50;10.00;20.00;40.00;200;;;SIM;NÃO;"<p><span class=""desc-sub my-desc-sub"">Kit churrasco 3 pe&ccedil;as em estojo de nylon com al&ccedil;a. Possui: faca(acompanha prote&ccedil;&atilde;o pl&aacute;stica), garfo(acompanha prote&ccedil;&atilde;o pl&aacute;stica), pegador em inox e parte interna com velcro para guardar as pe&ccedil;as. Acompanha plaqueta para grava&ccedil;&atilde;o.</span></p>
";"kitchurrascotop, kit churrasco, kit churrasco ribeirao preto, kit churrasco melhor preco";;;Importado;SIM;Importado;Unissex;Adulto
kit-churrasco-4-pecas1;"Kit Churrasco 4 peças";"KIT CHURRASCO";;;;;;;86.00;76.00;0.60;10.00;20.00;40.00;200;;;NÃO;NÃO;"<p><span class=""desc-sub my-desc-sub"">Kit churrasco 4 pe&ccedil;as em estojo de nylon com al&ccedil;a. Possui: pegador, garfo, esp&aacute;tula e faca em inox, acompanha prote&ccedil;&otilde;es pl&aacute;sticas e parte interna com velcro para guardar as pe&ccedil;as.</span></p>

<p>Tamanho total aproximado <span class=""desc-sub"">&nbsp;(CxL):&nbsp; Estojo 37,4 cm x 11,3 cm - Esp&aacute;tula 35,5 cm x 7 cm - Faca 32,5 cm x 2,5 cm &ndash; Garfo 34,6 cm x 3,3 cm &ndash; Pegador 34,3 cm x 5,7 cm</span></p>
";"kit churrasco, kitchurrascotop, kit churrasco ribeirao preto, kit churrasco melhor preco";"Kit Churrasco 4 peças";;Importado;SIM;Importada;Unissex;Adulto
kit-churrasco-8-pecas-com-avental;"Kit Churrasco 8 Peças com avental";"KIT CHURRASCO";;;;;;;106.00;76.00;1.10;10.00;50.00;60.00;200;;;SIM;NÃO;"<p><span class=""desc-sub my-desc-sub"">Kit churrasco 8 pe&ccedil;as em estojo de nylon. Cont&eacute;m esp&aacute;tula, garfo, faca, pegador, dois saleiros, luva e avental (tamb&eacute;m utilizado como estojo). Talheres de inox com acabamento de madeira e avental de nylon com al&ccedil;a ajust&aacute;vel &ndash; possui bot&atilde;o e al&ccedil;a com fivela para lacre.</span></p>

<div class=""desc"">
<p class=""desc-tit"">Altura<span class=""desc-sub"">&nbsp;:&nbsp; 59 cm</span></p>
</div>

<div class=""desc"">
<p class=""desc-tit"">Largura<span class=""desc-sub"">&nbsp;:&nbsp; 40,2 cm</span></p>
</div>
";"kit churrasco, kitchurrascotop, kit churrasco ribeirao preto, kit churrasco melhor preco";"Kit Churrasco 8 Peças";;;SIM;Importado;Unissex;Adulto
kit-queijo-5-pecas;"Kit Queijo 5 peças";"KIT QUEIJO";;;;;;;85.00;63.50;0.50;10.00;30.00;30.00;200;;;SIM;NÃO;"<p><span class=""desc-sub my-desc-sub"">Kit queijo 5 pe&ccedil;as em estojo de nylon com z&iacute;per e al&ccedil;a. Cont&eacute;m: esp&aacute;tula grande, garfo, faca reta, esp&aacute;tula pequena e t&aacute;bua de bambu. Estojo com rede interna para guardar a t&aacute;bua e velcro para ficar as pe&ccedil;as.</span></p>

<p>Tamanho total aproximado <span class=""desc-sub"">&nbsp;(CxL):&nbsp; Estojo 23,5 cm x 23,6 - Esp&aacute;tula grande 12 cm x 4,6 cm &ndash; Garfo 12,5 cm x 2,9 cm - Faca reta 12,5 cm x 2,9 cm - Esp&aacute;tula pequena 12,4 cm x 2,9 cm - T&aacute;bua de bambu 20 cm x 20 cm x 0,9 cm</span></p>
";"Kit queijo ribeirao preto, kit queijo, kit queijo melhor custo, kit queijo presente";"Kit Queijo 5 peças";;Importada;SIM;Importado;Unissex;Adulto
25-mochilas-em-nylon-210-d-personalizadas;"25 Mochilas em Nylon 210 D - Personalizadas";"KITS PERSONALIZADOS (Diversos)";Cor;Rosa;;;;;385.00;378.00;1.00;5.00;40.00;40.00;500;;;SIM;NÃO;"<p>Sacola tipo mochila. 210D. 350 x 410 mm.</p>

<p>Logo em 01 cor 01 lado medindo 20 x 14 cm.</p>

<p>&nbsp;</p>
";"mochila esportiva, mochila esporte, mochila malhacao, mochila corrida, esporte, corrida";"Mochila em Nylon com cordão personalizada";;Importada;SIM;;;
25-mochilas-em-nylon-210-d-personalizadas;;;Cor;Preto;;;;;385.00;378.00;1.00;5.00;40.00;40.00;500;;;;;;;;;;;;;
25-mochilas-em-nylon-210-d-personalizadas;;;Cor;Vermelho;;;;;385.00;378.00;1.00;5.00;40.00;40.00;500;;;;;;;;;;;;;
25-mochilas-em-nylon-210-d-personalizadas;;;Cor;Branco;;;;;385.00;378.00;1.00;5.00;40.00;40.00;500;;;;;;;;;;;;;
25-mochilas-em-nylon-210-d-personalizadas;;;Cor;Amarelo;;;;;385.00;378.00;1.00;5.00;40.00;40.00;500;;;;;;;;;;;;;
25-mochilas-em-nylon-210-d-personalizadas;;;Cor;Verde;;;;;385.00;378.00;1.00;5.00;40.00;40.00;500;;;;;;;;;;;;;
25-mochilas-em-nylon-210-d-personalizadas;;;Cor;Prata;;;;;385.00;378.00;1.00;5.00;40.00;40.00;500;;;;;;;;;;;;;
25-mochilas-em-nylon-210-d-personalizadas;;;Cor;Laranja;;;;;385.00;378.00;1.00;5.00;40.00;40.00;500;;;;;;;;;;;;;
25-mochilas-em-nylon-210-d-personalizadas;;;Cor;Roxo;;;;;385.00;378.00;1.00;5.00;40.00;40.00;500;;;;;;;;;;;;;
25-mochilas-em-nylon-210-d-personalizadas;;;Cor;"Azul Claro";;;;;385.00;378.00;1.00;5.00;40.00;40.00;500;;;;;;;;;;;;;
25-mochilas-em-nylon-210-d-personalizadas;;;Cor;"Azul Escuro";;;;;385.00;378.00;1.00;5.00;40.00;40.00;500;;;;;;;;;;;;;
25-mochilas-em-nylon-210-d-personalizadas;;;Cor;"Azul Royal";;;;;385.00;378.00;1.00;5.00;40.00;40.00;0;;;;;;;;;;;;;
25-mochilas-em-nylon-210-d-personalizadas;;;Cor;"Verde Claro";;;;;385.00;378.00;1.00;5.00;40.00;40.00;500;;;;;;;;;;;;;
50-mochilas-em-nylon-210-d-personalizadas;"50 Mochilas em Nylon 210 D - Personalizadas";"KITS PERSONALIZADOS (Diversos)";Cor;Rosa;;;;;565.00;520.90;2.00;8.00;50.00;50.00;500;;;SIM;NÃO;"<p>Sacola tipo mochila. 210D. 350 x 410 mm.</p>

<p>Logo em 01 cor 01 lado medindo 20 x 14 cm.</p>

<p>&nbsp;</p>
";"corrida, esporte, mochila corrida, mochila esporte, mochila esportiva, mochila malhacao";;;Importada;SIM;;;
50-mochilas-em-nylon-210-d-personalizadas;;;Cor;Preto;;;;;565.00;520.90;2.00;8.00;50.00;50.00;500;;;;;;;;;;;;;
50-mochilas-em-nylon-210-d-personalizadas;;;Cor;Vermelho;;;;;565.00;520.90;2.00;8.00;50.00;50.00;500;;;;;;;;;;;;;
50-mochilas-em-nylon-210-d-personalizadas;;;Cor;Branco;;;;;565.00;520.90;2.00;8.00;50.00;50.00;500;;;;;;;;;;;;;
50-mochilas-em-nylon-210-d-personalizadas;;;Cor;Amarelo;;;;;565.00;520.90;2.00;8.00;50.00;50.00;500;;;;;;;;;;;;;
50-mochilas-em-nylon-210-d-personalizadas;;;Cor;Verde;;;;;565.00;520.90;2.00;8.00;50.00;50.00;500;;;;;;;;;;;;;
50-mochilas-em-nylon-210-d-personalizadas;;;Cor;Prata;;;;;565.00;520.90;2.00;8.00;50.00;50.00;500;;;;;;;;;;;;;
50-mochilas-em-nylon-210-d-personalizadas;;;Cor;Laranja;;;;;565.00;520.90;2.00;8.00;50.00;50.00;500;;;;;;;;;;;;;
50-mochilas-em-nylon-210-d-personalizadas;;;Cor;Roxo;;;;;565.00;520.90;2.00;8.00;50.00;50.00;500;;;;;;;;;;;;;
50-mochilas-em-nylon-210-d-personalizadas;;;Cor;"Azul Claro";;;;;565.00;520.90;2.00;8.00;50.00;50.00;500;;;;;;;;;;;;;
50-mochilas-em-nylon-210-d-personalizadas;;;Cor;"Azul Escuro";;;;;565.00;520.90;2.00;8.00;50.00;50.00;500;;;;;;;;;;;;;
50-mochilas-em-nylon-210-d-personalizadas;;;Cor;"Azul Royal";;;;;565.00;520.90;2.00;8.00;50.00;50.00;0;;;;;;;;;;;;;
50-mochilas-em-nylon-210-d-personalizadas;;;Cor;"Verde Claro";;;;;565.00;520.90;2.00;8.00;50.00;50.00;500;;;;;;;;;;;;;
100-mochilas-em-nylon-210-d-personalizadas;"100 Mochilas em Nylon 210 D - Personalizadas";"KITS PERSONALIZADOS (Diversos)";Cor;Rosa;;;;;812.00;778.46;4.00;20.00;50.00;50.00;500;;;SIM;NÃO;"<p>Sacola tipo mochila. 210D. 350 x 410 mm.</p>

<p>Logo em 01 cor 01 lado medindo 20 x 14 cm.</p>

<p>&nbsp;</p>
";"corrida, esporte, mochila corrida, mochila esporte, mochila esportiva, mochila malhacao";;;Importada;SIM;;Unissex;Adulto
100-mochilas-em-nylon-210-d-personalizadas;;;Cor;Preto;;;;;812.00;778.46;4.00;20.00;50.00;50.00;500;;;;;;;;;;;;;
100-mochilas-em-nylon-210-d-personalizadas;;;Cor;Vermelho;;;;;812.00;778.46;4.00;20.00;50.00;50.00;500;;;;;;;;;;;;;
100-mochilas-em-nylon-210-d-personalizadas;;;Cor;Branco;;;;;812.00;778.46;4.00;20.00;50.00;50.00;500;;;;;;;;;;;;;
100-mochilas-em-nylon-210-d-personalizadas;;;Cor;Amarelo;;;;;812.00;778.46;4.00;20.00;50.00;50.00;500;;;;;;;;;;;;;
100-mochilas-em-nylon-210-d-personalizadas;;;Cor;Verde;;;;;812.00;778.46;4.00;20.00;50.00;50.00;500;;;;;;;;;;;;;
100-mochilas-em-nylon-210-d-personalizadas;;;Cor;Prata;;;;;812.00;778.46;4.00;20.00;50.00;50.00;500;;;;;;;;;;;;;
100-mochilas-em-nylon-210-d-personalizadas;;;Cor;Laranja;;;;;812.00;778.46;4.00;20.00;50.00;50.00;500;;;;;;;;;;;;;
100-mochilas-em-nylon-210-d-personalizadas;;;Cor;Roxo;;;;;812.00;778.46;4.00;20.00;50.00;50.00;500;;;;;;;;;;;;;
100-mochilas-em-nylon-210-d-personalizadas;;;Cor;"Azul Claro";;;;;812.00;778.46;4.00;20.00;50.00;50.00;500;;;;;;;;;;;;;
100-mochilas-em-nylon-210-d-personalizadas;;;Cor;"Azul Escuro";;;;;812.00;778.46;4.00;20.00;50.00;50.00;500;;;;;;;;;;;;;
100-mochilas-em-nylon-210-d-personalizadas;;;Cor;"Azul Royal";;;;;812.00;778.46;4.00;20.00;50.00;50.00;0;;;;;;;;;;;;;
100-mochilas-em-nylon-210-d-personalizadas;;;Cor;"Verde Claro";;;;;812.00;778.46;4.00;20.00;50.00;50.00;500;;;;;;;;;;;;;
250-mochilas-em-nylon-210-d-personalizadas;"250 Mochilas em Nylon 210 D - Personalizadas";"KITS PERSONALIZADOS (Diversos)";Cor;Rosa;;;;;1,575.00;1,514.00;9.70;30.00;50.00;50.00;500;;;SIM;NÃO;"<p>Sacola tipo mochila. 210D. 350 x 410 mm.</p>

<p>Logo em 01 cor 01 lado medindo 20 x 14 cm.</p>

<p>&nbsp;</p>
";"corrida, esporte, mochila corrida, mochila esporte, mochila esportiva, mochila malhacao";;;Importada;SIM;;Unissex;Adulto
250-mochilas-em-nylon-210-d-personalizadas;;;Cor;Preto;;;;;1,575.00;1,514.00;9.70;5.00;50.00;40.00;500;;;;;;;;;;;;;
250-mochilas-em-nylon-210-d-personalizadas;;;Cor;Vermelho;;;;;1,575.00;1,514.00;9.70;5.00;50.00;40.00;500;;;;;;;;;;;;;
250-mochilas-em-nylon-210-d-personalizadas;;;Cor;Branco;;;;;1,575.00;1,514.00;9.70;5.00;50.00;40.00;500;;;;;;;;;;;;;
250-mochilas-em-nylon-210-d-personalizadas;;;Cor;Amarelo;;;;;1,575.00;1,514.00;9.70;5.00;50.00;40.00;500;;;;;;;;;;;;;
250-mochilas-em-nylon-210-d-personalizadas;;;Cor;Verde;;;;;1,575.00;1,514.00;9.70;5.00;50.00;40.00;500;;;;;;;;;;;;;
250-mochilas-em-nylon-210-d-personalizadas;;;Cor;Prata;;;;;1,575.00;1,514.00;9.70;5.00;50.00;40.00;500;;;;;;;;;;;;;
250-mochilas-em-nylon-210-d-personalizadas;;;Cor;Laranja;;;;;1,575.00;1,514.00;9.70;5.00;50.00;40.00;500;;;;;;;;;;;;;
250-mochilas-em-nylon-210-d-personalizadas;;;Cor;Roxo;;;;;1,575.00;1,514.00;9.70;5.00;50.00;40.00;500;;;;;;;;;;;;;
250-mochilas-em-nylon-210-d-personalizadas;;;Cor;"Azul Claro";;;;;1,575.00;1,514.00;9.70;5.00;50.00;40.00;500;;;;;;;;;;;;;
250-mochilas-em-nylon-210-d-personalizadas;;;Cor;"Azul Escuro";;;;;1,575.00;1,514.00;9.70;5.00;50.00;40.00;500;;;;;;;;;;;;;
250-mochilas-em-nylon-210-d-personalizadas;;;Cor;"Azul Royal";;;;;1,575.00;1,514.00;9.70;5.00;50.00;40.00;0;;;;;;;;;;;;;
250-mochilas-em-nylon-210-d-personalizadas;;;Cor;"Verde Claro";;;;;1,575.00;1,514.00;9.70;5.00;50.00;40.00;500;;;;;;;;;;;;;
500-mochilas-em-nylon-210-d-personalizadas;"500 Mochilas em Nylon 210 D - Personalizadas";"KITS PERSONALIZADOS (Diversos)";Cor;Rosa;;;;;2,850.00;2,702.00;21.00;50.00;50.00;50.00;500;;;SIM;NÃO;"<p>Sacola tipo mochila. 210D. 350 x 410 mm.</p>

<p>Logo em 01 cor 01 lado medindo 20 x 14 cm.</p>

<p>&nbsp;</p>
";"corrida, esporte, mochila corrida, mochila esporte, mochila esportiva, mochila malhacao";;;Importada;SIM;;Unissex;Adulto
500-mochilas-em-nylon-210-d-personalizadas;;;Cor;Preto;;;;;2,850.00;2,702.00;21.00;50.00;50.00;50.00;500;;;;;;;;;;;;;
500-mochilas-em-nylon-210-d-personalizadas;;;Cor;Vermelho;;;;;2,850.00;2,702.00;21.00;50.00;50.00;50.00;500;;;;;;;;;;;;;
500-mochilas-em-nylon-210-d-personalizadas;;;Cor;Branco;;;;;2,850.00;2,702.00;21.00;50.00;50.00;50.00;500;;;;;;;;;;;;;
500-mochilas-em-nylon-210-d-personalizadas;;;Cor;Amarelo;;;;;2,850.00;2,702.00;21.00;50.00;50.00;50.00;500;;;;;;;;;;;;;
500-mochilas-em-nylon-210-d-personalizadas;;;Cor;Verde;;;;;2,850.00;2,702.00;21.00;50.00;50.00;50.00;500;;;;;;;;;;;;;
500-mochilas-em-nylon-210-d-personalizadas;;;Cor;Prata;;;;;2,850.00;2,702.00;21.00;50.00;50.00;50.00;500;;;;;;;;;;;;;
500-mochilas-em-nylon-210-d-personalizadas;;;Cor;Laranja;;;;;2,850.00;2,702.00;21.00;50.00;50.00;50.00;500;;;;;;;;;;;;;
500-mochilas-em-nylon-210-d-personalizadas;;;Cor;Roxo;;;;;2,850.00;2,702.00;21.00;50.00;50.00;50.00;500;;;;;;;;;;;;;
500-mochilas-em-nylon-210-d-personalizadas;;;Cor;"Azul Claro";;;;;2,850.00;2,702.00;21.00;50.00;50.00;50.00;500;;;;;;;;;;;;;
500-mochilas-em-nylon-210-d-personalizadas;;;Cor;"Azul Escuro";;;;;2,850.00;2,702.00;21.00;50.00;50.00;50.00;500;;;;;;;;;;;;;
500-mochilas-em-nylon-210-d-personalizadas;;;Cor;"Azul Royal";;;;;2,850.00;2,702.00;21.00;50.00;50.00;50.00;0;;;;;;;;;;;;;
500-mochilas-em-nylon-210-d-personalizadas;;;Cor;"Verde Claro";;;;;2,850.00;2,702.00;21.00;50.00;50.00;50.00;500;;;;;;;;;;;;;
2-canecas-em-ceramica-325-ml-personalizadas;"2 Canecas em Cerâmica 325 ml Personalizadas";"KITS PERSONALIZADOS (Diversos)";;;;;;;50.00;42.00;0.20;15.00;20.00;20.00;216;;;SIM;NÃO;"<p>Canecas em cer&acirc;mica capacidade 325 ml.</p>

<p>Personalizada com a logo de sua prefer&ecirc;ncia.</p>
";"caneca, mug, caneca personalizada, caneca de ceramica, caneca ceramica melhor custo, canecas";"Caneca de Cerâmica 325 ml personalizadas";;;SIM;;Unissex;Adulto
2-canecas-em-vidro-jateada-320-ml-personalizada;"2 Canecas em Vidro Jateada 320 ml - Personalizada";"KITS PERSONALIZADOS (Diversos)";;;;;;;65.00;48.00;0.20;15.00;20.00;20.00;200;;;SIM;NÃO;"<div class=""description product-description product-description-desktop visible-when-content-ready user-content clear-both hidden-phone pull-left m-top"">
<p>Canecas vidro jateado capacidade 320 ml.</p>

<p>Personalizada com a logo de sua prefer&ecirc;ncia.</p>
</div>
";"caneca, caneca de vidro melhor preco, caneca personalizada, canecas, mug";"Caneca de Vidro Jateada 320 ml - Personalizadas";;;SIM;;;
20-camisetas-personalizadas-malha-anti-pilling;"20 Camisetas Personalizadas - Malha Anti Pilling";"KITS PERSONALIZADOS (Diversos)";Cor;Preto;;;;;900.00;700.00;2.00;30.00;40.00;40.00;5000;;;SIM;NÃO;"<p>Camisetas em malha fria Anti Pilling (n&atilde;o d&aacute; bolinha) personalizadas.</p>

<p>Prazo de produ&ccedil;&atilde;o 20 a 25 dias &uacute;teis ap&oacute;s aprova&ccedil;&atilde;o da arte e pagamento.</p>
";"camisetas, camisetas personalizadas, camiseta, t-shirt";"Camisetas em Malha Anti Pilling";;UP;SIM;;Unissex;Adulto
20-camisetas-personalizadas-malha-anti-pilling;;;Cor;Branco;;;;;900.00;700.00;2.00;30.00;40.00;40.00;5000;;;;;;;;;;;;Unissex;Adulto
20-camisetas-personalizadas-malha-anti-pilling;;;Cor;Vermelho;;;;;900.00;700.00;2.00;30.00;40.00;40.00;5000;;;;;;;;;;;;Unissex;Adulto
20-camisetas-personalizadas-malha-anti-pilling;;;Cor;Azul;;;;;900.00;700.00;2.00;30.00;40.00;40.00;5000;;;;;;;;;;;;Unissex;Adulto
20-camisetas-personalizadas-malha-anti-pilling;;;Cor;Amarelo;;;;;900.00;700.00;2.00;30.00;40.00;40.00;5000;;;;;;;;;;;;Unissex;Adulto
20-camisetas-personalizadas-malha-anti-pilling;;;Cor;Rosa;;;;;900.00;700.00;2.00;30.00;40.00;40.00;5000;;;;;;;;;;;;Unissex;Adulto
20-camisetas-personalizadas-malha-anti-pilling;;;Cor;Verde;;;;;900.00;700.00;2.00;30.00;40.00;40.00;5000;;;;;;;;;;;;Unissex;Adulto
20-camisetas-personalizadas-malha-anti-pilling;;;Cor;Marrom;;;;;900.00;700.00;2.00;30.00;40.00;40.00;5000;;;;;;;;;;;;Unissex;Adulto
20-camisetas-personalizadas-malha-anti-pilling;;;Cor;Laranja;;;;;900.00;700.00;2.00;30.00;40.00;40.00;5000;;;;;;;;;;;;Unissex;Adulto
20-camisetas-personalizadas-malha-anti-pilling;;;Cor;Bege;;;;;900.00;700.00;2.00;30.00;40.00;40.00;5000;;;;;;;;;;;;Unissex;Adulto
20-camisetas-personalizadas-malha-anti-pilling;;;Cor;Pink;;;;;900.00;700.00;2.00;30.00;40.00;40.00;5000;;;;;;;;;;;;Unissex;Adulto
20-camisetas-personalizadas-malha-anti-pilling;;;Cor;Vinho;;;;;900.00;700.00;2.00;30.00;40.00;40.00;5000;;;;;;;;;;;;Unissex;Adulto
20-camisetas-personalizadas-malha-anti-pilling;;;Cor;Cinza;;;;;900.00;700.00;2.00;30.00;40.00;40.00;5000;;;;;;;;;;;;Unissex;Adulto
sensor-de-presenca-inteligente-multilaser;"Sensor de Presença Inteligente Multilaser";SEGURANÇA;;;;;;;185.00;170.50;0.60;10.00;10.00;10.00;500;;;SIM;NÃO;"<p>O Sensor de Presen&ccedil;a Inteligente Wi-Fi da s&eacute;rie Multilaser Liv &eacute; ideal para ser aplicado em ambientes residenciais ou comerciais, oferece reconhecimento de presen&ccedil;a e movimentos a uma dist&acirc;ncia de 6 metros e com um &acirc;ngulo de acionamento de at&eacute; 110&deg;. Com design compacto e elegante, esse equipamento funciona a baterias, sendo, portanto, 100% livre de fios. De instala&ccedil;&atilde;o plug-and-play e gerenciamento e configura&ccedil;&atilde;o simples atrav&eacute;s de aplicativo gratuito Multilaser Liv, este sensor &eacute; ideal para integra&ccedil;&atilde;o com sirene de alarme e oferece mais seguran&ccedil;a ao ambiente.</p>
";"Sensor de seguranca Multilaser, Multilaser, seguranca multilaser, seguranca, sensor de seguranca";;;Multilaser;SIM;Multilaser;Unissex;Adulto
camera-interna-inteligente-hd-wi-fi-multilaser-liv-se223;"Camera Interna Inteligente HD Wi-Fi - Multilaser Liv - SE223";SEGURANÇA;;;;;;;250.00;210.99;0.80;15.00;15.00;15.00;500;;;SIM;NÃO;"<p>A C&acirc;mera Interna Inteligente HD Wi-Fi &eacute; o aparelho ideal para monitoramento interno de resid&ecirc;ncias e com&eacute;rcios de pequeno porte. Com design compacto e elegante, oferece neutralidade para se adequar a qualquer decora&ccedil;&atilde;o do ambiente. Com resolu&ccedil;&atilde;o HD, vis&atilde;o noturna e &aacute;udio bidirecional, esta c&acirc;mera pode ser facilmente conectada e configurada atrav&eacute;s de aplicativo gratuito Multilaser Liv, oferecendo uma &oacute;tima op&ccedil;&atilde;o de monitoramento para ambientes modernos e conectados.</p>
";"Multilaser, seguranca multilaser, seguranca, camera, cameras multilaser";"Camera Interna Inteligente HD Wi-Fi - Multilaser Liv - SE223";;Multilaser;SIM;Multilaser;Unissex;Adulto
acionador-inteligente-p-interruptor-de-iluminacao-wi-fi-liv-se234;"Acionador Inteligente p/ Interruptor de Iluminação Wi-Fi-LIV-SE234";SEGURANÇA;;;;;;;84.90;71.99;0.50;10.00;10.00;10.00;500;;;SIM;NÃO;"<p>O Acionador Inteligente para Interruptor de Ilumina&ccedil;&atilde;o da s&eacute;rie Multilaser Liv &eacute; o ideal se voc&ecirc; deseja transformar sua ilumina&ccedil;&atilde;o convencional em inteligente e conectada. De instala&ccedil;&atilde;o simples e interna, em caixas de luz convencionais 4x2, esse equipamento oferece &agrave;s suas l&acirc;mpadas convencionais a possibilidade de controle remoto e agendamentos via aplicativo gratuito Multilaser Liv, transformando qualquer ambiente em um local mais moderno e conectado.</p>
";"seguranca, seguranca multilaser, interruptor, interruptor inteligente";"Acionador Inteligente Para Interruptor de Iluminação Wi-Fi - Multila";;Multilaser;SIM;Multilaser;Unissex;Adulto
camera-ip-externa-ip65-wi-fi-hd-3-6mm-liv-se222;"Camera IP Externa IP65 Wi-Fi HD 3.6mm - LIV - SE222";SEGURANÇA;;;;;;;420.00;399.90;0.60;15.00;15.00;15.00;500;;;SIM;NÃO;"<p>A C&acirc;mera Externa Inteligente Full HD Wi-Fi &eacute; o equipamento ideal para completar um sistema de seguran&ccedil;a residencial ou comercial. Sua veda&ccedil;&atilde;o &agrave; prova d&rsquo;agua a torna perfeita para instala&ccedil;&atilde;o em &aacute;reas externas e a detec&ccedil;&atilde;o de movimento, combinada com a vis&atilde;o noturna,integram um pacote perfeito para oferecer mais seguran&ccedil;a ao ambiente protegido. Controlada e configurada atrav&eacute;s de aplicativo gratuito Multilaser Liv, esta c&acirc;mera oferece monitoramento remoto e se mostra indispens&aacute;vel para um ambiente mais moderno e conectado.oderno e conectado.</p>
";"seguranca, cameras multilaser, camera, Multilaser";"Camera IP Externa IP65 Wi-Fi HD 3.6mm - LIV - SE222";;Multilaser;SIM;;;
tomada-inteligente-wifi-16a-110-220vac-se231;"TOMADA INTELIGENTE WIFI - 16A - 110/220VAC - SE231";SEGURANÇA;;;;;;;139.99;119.90;0.50;15.00;15.00;15.00;500;;;SIM;NÃO;"<p>O Plugue de Tomada Inteligente Wi-Fi da s&eacute;rie Multilaser Liv oferece controle, conforto e automa&ccedil;&atilde;o ao usu&aacute;rio, seja em ambiente residencial ou comercial. Controlado e configurado atrav&eacute;s de aplicativo gratuito Multilaser Liv, este produto permite ligar e desligar equipamentos eletr&ocirc;nicos de maneira remota, ou ainda manual atrav&eacute;s do bot&atilde;o, liga/desliga. Oferece ainda a possibilidade de monitoramento do consumo de energia do aparelho, propiciando mais economia para o usu&aacute;rio. A possibilidade de cria&ccedil;&atilde;o de cen&aacute;rios inteligentes e agendamentos de acionamento, tornam esse produto essencial para um ambiente mais moderno e conectado.</p>
";"seguranca, plug de tomada, Multilaser";"TOMADA INTELIGENTE WIFI - 16A - 110/220VAC - SE231";;Multilaser;SIM;Multilaser;Unissex;Adulto
camera-a-bateria-inteligente-full-hd-wi-fi-multilaser-liv-se227;"Câmera a Bateria Inteligente Full HD Wi-Fi - Multilaser Liv - SE227";SEGURANÇA;;;;;;;930.00;805.00;0.60;15.00;20.00;20.00;100;;;SIM;NÃO;"<p>A C&acirc;mera Port&aacute;til Inteligente Full HD Wi-Fi oferece seguran&ccedil;a e praticidade para ambientes residenciais e comerciais. Com funcionamento a baterias, este equipamento opera 100% sem fios e apresenta at&eacute; 3 meses de autonomia em modo stand by. Seu suporte magn&eacute;tico de instala&ccedil;&atilde;o tamb&eacute;m oferece f&aacute;cil mobilidade e transporte para outros c&ocirc;modos ou ainda para outras posi&ccedil;&otilde;es de visualiza&ccedil;&atilde;o de cena. Com resolu&ccedil;&atilde;o Full HD, &aacute;udio bidirecional e detec&ccedil;&atilde;o de monitoramento, esta c&acirc;mera &eacute; facilmente instalada e gerenciada por aplicativo gratuito Multilaser Liv oferecendo monitoramento remoto atrav&eacute;s do seu smartphone.</p>
";"seguranca, Multilaser, camera multilaser, seguranca multilaser";"Sensor de Abertura Porta e Janela Inteligente Wi-Fi - Multilaser Liv -";;Multilaser;SIM;Multilaser;Unissex;Adulto
sensor-de-abertura-porta-e-janela-inteligente-wi-fi-multilaser-liv-se228;"Sensor de Abertura Porta e Janela Inteligente Wi-Fi - Multilaser Liv - SE228";SEGURANÇA;;;;;;;135.99;114.99;0.60;15.00;15.00;15.00;200;;;SIM;NÃO;"<p>O Sensor de Abertura Inteligente Wi-Fi da s&eacute;rie Multilaser Liv &eacute; essencial para um sistema de seguran&ccedil;a moderno e compacto, podendo ser instalado em ambientes residenciais ou comerciais. Aplic&aacute;vel a portas ou janelas de qualquer tipo, este sensor funciona a baterias e possui funcionamento atrav&eacute;s de campo magn&eacute;tico, portanto, &eacute; 100% sem fios, oferecendo versatilidade e facilidade de instala&ccedil;&atilde;o. O equipamento possibilita ter controle a dist&acirc;ncia, atrav&eacute;s de aplicativo gratuito Multilaser Liv, sobre status fechado ou aberto da porta ou janela &agrave; qual &eacute; aplicado e pode integrar sistema de alarme, se tornando o perif&eacute;rico disparador de sirene, oferecendo ainda mais seguran&ccedil;a. Seu design discreto e compacto e o sistema de instala&ccedil;&atilde;o plug-and-play, tornam esse equipamento indispens&aacute;vel para um ambiente mais moderno e conectado.</p>
";"Multilaser, sensor inteligente multilaser, seguranca multilaser";"Sensor de Abertura Porta e Janela Inteligente Wi-Fi - Multilaser Liv -";;Multilaser;SIM;Multilaser;Unissex;Adulto
interrptor-bivolt-wi-fi-mltilaser-liv-se235;"INTERRPTOR BIVOLT WI-FI MLTILASER LIV - SE235";SEGURANÇA;;;;;;;169.99;129.99;0.60;15.00;15.00;15.00;200;;;SIM;NÃO;"<p>O Interruptor inteligente 1 Tecla Wi-Fi da s&eacute;rie Multilaser Liv &eacute; o ideal se voc&ecirc; deseja transformar sua ilumina&ccedil;&atilde;o convencional em inteligente e conectada. De instala&ccedil;&atilde;o simples em caixas de luz convencionais 4x2, esse equipamento oferece &agrave;s suas l&acirc;mpadas convencionais a possibilidade de controle remoto e agendamentos via aplicativo gratuito Multilaser Liv, al&eacute;m de bot&atilde;o manual de liga/desliga, transformando qualquer ambiente em um local mais moderno e conectado.</p>
";"Multilaser, interruptor inteligente, interruptor multilaser";"INTERRPTOR BIVOLT WI-FI MLTILASER LIV - SE235";;Multilaser;SIM;Multilaser;Unissex;Adulto
luva-motociclista-racer-premium-dedo-longo-tam-m-material-emborrachado-e-couro-sint-azul-preto-atrio-mt037;"Luva motociclista Racer Premium Dedo Longo Tam. M Material Emborrachado e Couro Sint. Azul/ Preto Atrio - MT037";"ACESSÓRIOS PARA MOTO";;;;;;;59.90;38.90;0.60;15.00;15.00;15.00;0;;;SIM;NÃO;"<p>&quot;Ideal para garantir prote&ccedil;&atilde;o para suas m&atilde;os e maior ader&ecirc;ncia ao guid&atilde;o durante a pilotagem!</p>

<p>Item extremamente necess&aacute;rio para qualquer motociclista, seguran&ccedil;a nunca &eacute; demais!</p>

<p>Com os mais modernos equipamentos de testes do mercado, o produto passa por uma avalia&ccedil;&atilde;o que garante a qualidade do come&ccedil;o ao fim!</p>

<p>CONFORTO</p>

<p>Palma de couro sint&eacute;tico.</p>

<p>AJUST&Aacute;VEL</p>

<p>Punho com velcro.</p>

<p>&nbsp;</p>

<p>*Imagens Meramente Ilustrativas*&quot;</p>
";"luva moto, motociclista";;;Multilaser;SIM;Multilaser;Unissex;Adulto
fone-de-ouvido-bluetooth-com-case-carregador;"Fone de Ouvido Bluetooth com Case Carregador";"AUDIO (CAIXAS DE SOM\, FONES\, ETC)";Cor;Verde;;;;;69.90;53.00;0.05;10.00;10.00;10.00;200;;;SIM;NÃO;"<p><span class=""desc-sub my-desc-sub"">Fone bluetooth pl&aacute;stico com case carregador. Para utiliza&ccedil;&atilde;o do produto, pressione e segure o bot&atilde;o lateral de ambos fones ao mesmo tempo, luzes led em vermelho e azul ficar&atilde;o piscando alternadamente at&eacute; a jun&ccedil;&atilde;o das duas partes (quando conectadas apenas um lado dos fones permanecer&aacute; aceso), ap&oacute;s realizado o processo conecte o fone atrav&eacute;s do bluetooth e o led se apagar&aacute;, indicando a conex&atilde;o ao dispositivo. Quando emparelhado, pressione uma vez o bot&atilde;o do fone para iniciar ou pausar uma m&uacute;sica, ao segurar o bot&atilde;o ir&aacute; avancar a faixa; no modo liga&ccedil;&atilde;o pressione uma vez o bot&atilde;o para atender a chamada ou segure o bot&atilde;o do fone para recus&aacute;-la. Para o carregamento do produto &eacute; necess&aacute;rio recarregar inicialmente o case e ap&oacute;s este processo basta conectar os fones no estojo e pressionar o bot&atilde;o power para o carregamento dos mesmos. Fones com microfone embutido; Frequ&ecirc;ncia 2.4 -2.485GHz e alcance 10 de metros. Enquanto o case &eacute; carregado o led vermelho ficar&aacute; piscando, ao concluir a carga o led permanecer&aacute; aceso; no carregamento dos fones leds vermelhos ficar&atilde;o acesos e ao concluir a carga se apagar&atilde;o. Acompanha cabo USB.</span></p>

<div class=""desc"">
<p class=""desc-tit"">Medidas aproximadas para grava&ccedil;&atilde;o<span class=""desc-sub"">&nbsp;(CxL):&nbsp; Case 3 cm x 3 cm &ndash; Fone 2,5 cm x 0,6 cm</span></p>
</div>

<div class=""desc"">
<p class=""desc-tit"">Tamanho total aproximado <span class=""desc-sub"">&nbsp;(CxL):&nbsp; Case 6,7 cm x 5,5 cm &ndash; Fone 4,7 cm x 1,9 cm</span></p>
</div>
";"fone de ouvido bluetooth, fone, fone de ouvido ribeirao preto";"Fone de Ouvido Bluetooth com Case Carregador";;Importado;SIM;;;
fone-de-ouvido-bluetooth-com-case-carregador;;;Cor;Rosa;;;;;69.90;53.00;0.05;10.00;10.00;10.00;200;;;;;;;;;;;;;
fone-de-ouvido-bluetooth-com-case-carregador;;;Cor;Amarelo;;;;;69.90;53.00;0.05;10.00;10.00;10.00;200;;;;;;;;;;;;;
fone-de-ouvido-bluetooth-com-case-carregador;;;Cor;Azul;;;;;69.90;53.00;0.05;10.00;10.00;10.00;200;;;;;;;;;;;;;
fone-de-ouvido-bluetooth-com-case-carregador;;;Cor;Branco;;;;;69.90;53.00;0.05;10.00;10.00;10.00;200;;;;;;;;;;;;;
bolsa-termica-4-litros;"Bolsa Térmica 4 Litros";"BOLSAS E COOLERS TÉRMICOS";;;;;;;48.80;28.80;0.20;25.00;25.00;25.00;200;;;SIM;NÃO;"<p><span class=""desc-sub my-desc-sub"">Bolsa t&eacute;rmica 4 litros com plaquinha met&aacute;lica frontal para personaliza&ccedil;&atilde;o. Al&ccedil;a de m&atilde;o para transporte e al&ccedil;a ajust&aacute;vel para as costas, tecido de nylon e parte interna com revestimento t&eacute;rmico.</span></p>

<div class=""desc"">
<p class=""desc-tit"">Tamanho total aproximado <span class=""desc-sub"">&nbsp;(CxL):&nbsp; 15 cm x 24,2 cm x 16 cm </span></p>
</div>
";"bolsa termica 4 litros, bolsa termica melhor preco, bolsa termica ribeirao preto";"Bolsa Térmica 4 Litros";;Importada;SIM;Importada;Unissex;Adulto
caixa-de-som-multimidia-a-prova-dagua-banheiro;"Caixa de Som Multimídia à prova D'Água (Banheiro)";"AUDIO (CAIXAS DE SOM\, FONES\, ETC)";Cor;Azul;;;;;35.00;28.90;0.20;10.00;10.00;10.00;200;;;SIM;NÃO;"<p><span style=""color: rgb(102, 102, 102); font-family: Poppins, sans-serif; font-size: 15px; font-style: normal; font-variant-ligatures: normal; font-variant-caps: normal; font-weight: 700; letter-spacing: normal; orphans: 2; text-align: start; text-indent: 0px; text-transform: none; white-space: normal; widows: 2; word-spacing: 0px; -webkit-text-stroke-width: 0px; background-color: rgb(255, 255, 255); text-decoration-thickness: initial; text-decoration-style: initial; text-decoration-color: initial; display: inline !important; float: none;"">Descri&ccedil;&atilde;o:<span>&nbsp;</span></span><span class=""desc-sub my-desc-sub"" style=""box-sizing: border-box; margin: 0px; padding: 0px; font-family: Poppins, sans-serif; text-align: justify; font-style: italic; font-weight: 300; color: rgb(102, 102, 102); font-size: 15px; font-variant-ligatures: normal; font-variant-caps: normal; letter-spacing: normal; orphans: 2; text-indent: 0px; text-transform: none; white-space: normal; widows: 2; word-spacing: 0px; -webkit-text-stroke-width: 0px; background-color: rgb(255, 255, 255); text-decoration-thickness: initial; text-decoration-style: initial; text-decoration-color: initial;"">Caixa de Som Multim&iacute;dia &agrave; prova D&rsquo;&Aacute;gua emborrachada com ventosa(pode ser removida). Vers&atilde;o do bluetooth 3.0/EDR, alcance de 10 metros, auto falante de 45MM, frequ&ecirc;ncia 2.4G Hz, fonte de energia DC5V/100-120 mA, bateria lithium 3.7V 400mAh, carga necess&aacute;ria de aproximadamente 2 horas e dura cerca de 5 horas ligada. Para carregar basta conectar ao usb ou energia(necess&aacute;rio ter adaptador) e uma luz vermelha ir&aacute; acender sobre o bot&atilde;o on/off, quando carregada completa a luz se apagar&aacute;. Para ligar basta segurar o bot&atilde;o on/off em torno de 6 segundos e uma luz azul ir&aacute; acender sobre o bot&atilde;o, para trocar m&uacute;sicas apertar os bot&otilde;es voltar/avan&ccedil;ar(que tamb&eacute;m serve para aumentar o volume, basta segurar o bot&atilde;o). Possui play/pause no centro e bot&atilde;o com desenho de telefone deve ser apertado para atender liga&ccedil;&otilde;es. Comp&aacute;tivel com Iphone, Ipad, Ipod, aparelhos de celular e tablets. Acompanha cabo.</span></p>
";"caixa de som, caixa de som bluetooth, caixa de som multimidia";"Caixa de Som Bluetooth a prova de água";;Importada;SIM;;;
caixa-de-som-multimidia-a-prova-dagua-banheiro;;;Cor;Rosa;;;;;35.00;28.90;0.20;10.00;10.00;10.00;200;;;;;;;;;;;;;
caixa-de-som-multimidia-a-prova-dagua-banheiro;;;Cor;Amarelo;;;;;35.00;28.90;0.20;10.00;10.00;10.00;200;;;;;;;;;;;;;
caixa-de-som-multimidia-a-prova-dagua-banheiro;;;Cor;Verde;;;;;35.00;28.90;0.20;10.00;10.00;10.00;200;;;;;;;;;;;;;
caixa-de-som-multimidia-a-prova-dagua-banheiro;;;Cor;Branco;;;;;35.00;28.90;0.20;10.00;10.00;10.00;200;;;;;;;;;;;;;
caixa-de-som-multimidia-a-prova-dagua-banheiro;;;Cor;Preto;;;;;35.00;28.90;0.20;10.00;10.00;10.00;200;;;;;;;;;;;;;
